"SampleID","orig.class","phy.group","Lake","elevation..m","Ile.n","Leu.n","Phe.n","Thr.n","Val.n"
"SNL-ZOOP-09A","calanoid_cyclopoid","copepoda","Blue",3054,1.54,-6.36,-2.86,6.94,0.740000000000002
"SNL-ZOOP-09A","calanoid_cyclopoid","copepoda","Blue",3054,1.54,-6.36,-2.86,6.94,0.740000000000002
"SNL-ZOOP-08A","calanoid_cyclopoid","copepoda","Blue",3054,2.18,-7.52,-5.32,9.08,1.58
"SNL-ZOOP-08A","calanoid_cyclopoid","copepoda","Blue",3054,2.18,-7.52,-5.32,9.08,1.58
"SNL-ZOOP-08A","calanoid_cyclopoid","copepoda","Blue",3054,2.18,-7.52,-5.32,9.08,1.58
"SNL-ZOOP-08A","calanoid_cyclopoid","copepoda","Blue",3054,2.18,-7.52,-5.32,9.08,1.58
"SNL-ZOOP-08A","calanoid_cyclopoid","copepoda","Blue",3054,2.18,-7.52,-5.32,9.08,1.58
"SNL-ZOOP-08A","calanoid_cyclopoid","copepoda","Blue",3054,2.18,-7.52,-5.32,9.08,1.58
"SNL-ZOOP-08A","calanoid_cyclopoid","copepoda","Blue",3054,2.18,-7.52,-5.32,9.08,1.58
"SNL-ZOOP-10A","Daphnia","cladocera","Blue",3054,2.32,-4.68,-5.08,10.22,-2.78
"SNL-ZOOP-10A","Daphnia","cladocera","Blue",3054,2.32,-4.68,-5.08,10.22,-2.78
"SNL-ZOOP-10A","Daphnia","cladocera","Blue",3054,2.32,-4.68,-5.08,10.22,-2.78
"SNL-ZOOP-10A","Daphnia","cladocera","Blue",3054,2.32,-4.68,-5.08,10.22,-2.78
"SNL-ZOOP-09A","calanoid_cyclopoid","copepoda","Blue",3054,1.54,-6.36,-2.86,6.94,0.740000000000002
"SNL-ZOOP-08A","calanoid_cyclopoid","copepoda","Blue",3054,2.18,-7.52,-5.32,9.08,1.58
"SNL-ZOOP-08A","calanoid_cyclopoid","copepoda","Blue",3054,2.18,-7.52,-5.32,9.08,1.58
"SNL-ZOOP-09A","calanoid_cyclopoid","copepoda","Blue",3054,1.54,-6.36,-2.86,6.94,0.740000000000002
"SNL-ZOOP-GFF49",">350um",">350um","Blue",3054,4.5,-6.2,-5.7,6.5,0.899999999999999
"SNL-ZOOP-11A","Daphnia","cladocera","Blue",3054,2.62,-6.98,-5.28,9.22,0.419999999999998
"SNL-ZOOP-GFF49",">350um",">350um","Blue",3054,4.5,-6.2,-5.7,6.5,0.899999999999999
"SNL-ZOOP-GFF49",">350um",">350um","Blue",3054,4.5,-6.2,-5.7,6.5,0.899999999999999
"SNL-ZOOP-10A","Daphnia","cladocera","Blue",3054,2.32,-4.68,-5.08,10.22,-2.78
"SNL-ZOOP-09A","calanoid_cyclopoid","copepoda","Blue",3054,1.54,-6.36,-2.86,6.94,0.740000000000002
"SNL-ZOOP-09A","calanoid_cyclopoid","copepoda","Blue",3054,1.54,-6.36,-2.86,6.94,0.740000000000002
"SNL-ZOOP-09A","calanoid_cyclopoid","copepoda","Blue",3054,1.54,-6.36,-2.86,6.94,0.740000000000002
"SNL-ZOOP-09A","calanoid_cyclopoid","copepoda","Blue",3054,1.54,-6.36,-2.86,6.94,0.740000000000002
"SNL-ZOOP-10A","Daphnia","cladocera","Blue",3054,2.32,-4.68,-5.08,10.22,-2.78
"SNL-ZOOP-10A","Daphnia","cladocera","Blue",3054,2.32,-4.68,-5.08,10.22,-2.78
"SNL-ZOOP-GFF49",">350um",">350um","Blue",3054,4.5,-6.2,-5.7,6.5,0.899999999999999
"SNL-ZOOP-GFF49",">350um",">350um","Blue",3054,4.5,-6.2,-5.7,6.5,0.899999999999999
"SNL-ZOOP-10A","Daphnia","cladocera","Blue",3054,2.32,-4.68,-5.08,10.22,-2.78
"SNL-ZOOP-11A","Daphnia","cladocera","Blue",3054,2.62,-6.98,-5.28,9.22,0.419999999999998
"SNL-ZOOP-09A","calanoid_cyclopoid","copepoda","Blue",3054,1.54,-6.36,-2.86,6.94,0.740000000000002
"SNL-ZOOP-10A","Daphnia","cladocera","Blue",3054,2.32,-4.68,-5.08,10.22,-2.78
"SNL-ZOOP-11A","Daphnia","cladocera","Blue",3054,2.62,-6.98,-5.28,9.22,0.419999999999998
"SNL-ZOOP-11A","Daphnia","cladocera","Blue",3054,2.62,-6.98,-5.28,9.22,0.419999999999998
"SNL-ZOOP-11A","Daphnia","cladocera","Blue",3054,2.62,-6.98,-5.28,9.22,0.419999999999998
"SNL-ZOOP-GFF49",">350um",">350um","Blue",3054,4.5,-6.2,-5.7,6.5,0.899999999999999
"SNL-ZOOP-GFF49",">350um",">350um","Blue",3054,4.5,-6.2,-5.7,6.5,0.899999999999999
"SNL-ZOOP-11A","Daphnia","cladocera","Blue",3054,2.62,-6.98,-5.28,9.22,0.419999999999998
"SNL-ZOOP-GFF49",">350um",">350um","Blue",3054,4.5,-6.2,-5.7,6.5,0.899999999999999
"SNL-ZOOP-11A","Daphnia","cladocera","Blue",3054,2.62,-6.98,-5.28,9.22,0.419999999999998
"SNL-ZOOP-GFF49",">350um",">350um","Blue",3054,4.5,-6.2,-5.7,6.5,0.899999999999999
"SNL-ZOOP-11A","Daphnia","cladocera","Blue",3054,2.62,-6.98,-5.28,9.22,0.419999999999998
"SNL-ZOOP-11A","Daphnia","cladocera","Blue",3054,2.62,-6.98,-5.28,9.22,0.419999999999998
"SNL-ZOOP-13A","Daphnia","cladocera","Cascade",3140,4.36,-8.34,-5.24,9.96,-0.740000000000002
"SNL-ZOOP-14A","Daphnia","cladocera","Cascade",3140,4.42,-6.98,-5.18,7.42,0.32
"SNL-ZOOP-13A","Daphnia","cladocera","Cascade",3140,4.36,-8.34,-5.24,9.96,-0.740000000000002
"SNL-ZOOP-GFF70",">350um",">350um","Cascade",3140,5.4,-6.8,-5.9,6.3,1
"SNL-ZOOP-13A","Daphnia","cladocera","Cascade",3140,4.36,-8.34,-5.24,9.96,-0.740000000000002
"SNL-ZOOP-13A","Daphnia","cladocera","Cascade",3140,4.36,-8.34,-5.24,9.96,-0.740000000000002
"SNL-ZOOP-13A","Daphnia","cladocera","Cascade",3140,4.36,-8.34,-5.24,9.96,-0.740000000000002
"SNL-ZOOP-GFF48","Holopedium","cladocera","Cascade",3140,4.48,-4.22,-2.92,5.38,-2.72
"SNL-ZOOP-GFF48","Holopedium","cladocera","Cascade",3140,4.48,-4.22,-2.92,5.38,-2.72
"SNL-ZOOP-14A","Daphnia","cladocera","Cascade",3140,4.42,-6.98,-5.18,7.42,0.32
"SNL-ZOOP-GFF70",">350um",">350um","Cascade",3140,5.4,-6.8,-5.9,6.3,1
"SNL-ZOOP-GFF70",">350um",">350um","Cascade",3140,5.4,-6.8,-5.9,6.3,1
"SNL-ZOOP-GFF70",">350um",">350um","Cascade",3140,5.4,-6.8,-5.9,6.3,1
"SNL-ZOOP-14A","Daphnia","cladocera","Cascade",3140,4.42,-6.98,-5.18,7.42,0.32
"SNL-ZOOP-14A","Daphnia","cladocera","Cascade",3140,4.42,-6.98,-5.18,7.42,0.32
"SNL-ZOOP-13A","Daphnia","cladocera","Cascade",3140,4.36,-8.34,-5.24,9.96,-0.740000000000002
"SNL-ZOOP-13A","Daphnia","cladocera","Cascade",3140,4.36,-8.34,-5.24,9.96,-0.740000000000002
"SNL-ZOOP-13A","Daphnia","cladocera","Cascade",3140,4.36,-8.34,-5.24,9.96,-0.740000000000002
"SNL-ZOOP-13A","Daphnia","cladocera","Cascade",3140,4.36,-8.34,-5.24,9.96,-0.740000000000002
"SNL-ZOOP-GFF48","Holopedium","cladocera","Cascade",3140,4.48,-4.22,-2.92,5.38,-2.72
"SNL-ZOOP-GFF48","Holopedium","cladocera","Cascade",3140,4.48,-4.22,-2.92,5.38,-2.72
"SNL-ZOOP-14A","Daphnia","cladocera","Cascade",3140,4.42,-6.98,-5.18,7.42,0.32
"SNL-ZOOP-GFF70",">350um",">350um","Cascade",3140,5.4,-6.8,-5.9,6.3,1
"SNL-ZOOP-GFF70",">350um",">350um","Cascade",3140,5.4,-6.8,-5.9,6.3,1
"SNL-ZOOP-14A","Daphnia","cladocera","Cascade",3140,4.42,-6.98,-5.18,7.42,0.32
"SNL-ZOOP-GFF70",">350um",">350um","Cascade",3140,5.4,-6.8,-5.9,6.3,1
"SNL-ZOOP-GFF48","Holopedium","cladocera","Cascade",3140,4.48,-4.22,-2.92,5.38,-2.72
"SNL-ZOOP-GFF48","Holopedium","cladocera","Cascade",3140,4.48,-4.22,-2.92,5.38,-2.72
"SNL-ZOOP-GFF70",">350um",">350um","Cascade",3140,5.4,-6.8,-5.9,6.3,1
"SNL-ZOOP-GFF70",">350um",">350um","Cascade",3140,5.4,-6.8,-5.9,6.3,1
"SNL-ZOOP-14A","Daphnia","cladocera","Cascade",3140,4.42,-6.98,-5.18,7.42,0.32
"SNL-ZOOP-GFF48","Holopedium","cladocera","Cascade",3140,4.48,-4.22,-2.92,5.38,-2.72
"SNL-ZOOP-GFF48","Holopedium","cladocera","Cascade",3140,4.48,-4.22,-2.92,5.38,-2.72
"SNL-ZOOP-GFF48","Holopedium","cladocera","Cascade",3140,4.48,-4.22,-2.92,5.38,-2.72
"SNL-ZOOP-14A","Daphnia","cladocera","Cascade",3140,4.42,-6.98,-5.18,7.42,0.32
"SNL-ZOOP-14A","Daphnia","cladocera","Cascade",3140,4.42,-6.98,-5.18,7.42,0.32
"SNL-ZOOP-15A","Daphnia","cladocera","EasternBrook",3155,2.82,-7.38,-4.08,8.02,0.620000000000001
"SNL-ZOOP-15A","Daphnia","cladocera","EasternBrook",3155,2.82,-7.38,-4.08,8.02,0.620000000000001
"SNL-ZOOP-15A","Daphnia","cladocera","EasternBrook",3155,2.82,-7.38,-4.08,8.02,0.620000000000001
"SNL-ZOOP-16A","calanoid_cyclopoid","copepoda","EasternBrook",3155,3.28,-6.92,-6.62,9.58,0.68
"SNL-ZOOP-15A","Daphnia","cladocera","EasternBrook",3155,2.82,-7.38,-4.08,8.02,0.620000000000001
"SNL-ZOOP-GFF53",">350um",">350um","EasternBrook",3155,3.12,-5.48,-5.48,6.92,0.919999999999998
"SNL-ZOOP-15A","Daphnia","cladocera","EasternBrook",3155,2.82,-7.38,-4.08,8.02,0.620000000000001
"SNL-ZOOP-15A","Daphnia","cladocera","EasternBrook",3155,2.82,-7.38,-4.08,8.02,0.620000000000001
"SNL-ZOOP-15A","Daphnia","cladocera","EasternBrook",3155,2.82,-7.38,-4.08,8.02,0.620000000000001
"SNL-ZOOP-15A","Daphnia","cladocera","EasternBrook",3155,2.82,-7.38,-4.08,8.02,0.620000000000001
"SNL-ZOOP-GFF53",">350um",">350um","EasternBrook",3155,3.12,-5.48,-5.48,6.92,0.919999999999998
"SNL-ZOOP-GFF53",">350um",">350um","EasternBrook",3155,3.12,-5.48,-5.48,6.92,0.919999999999998
"SNL-ZOOP-16A","calanoid_cyclopoid","copepoda","EasternBrook",3155,3.28,-6.92,-6.62,9.58,0.68
"SNL-ZOOP-GFF53",">350um",">350um","EasternBrook",3155,3.12,-5.48,-5.48,6.92,0.919999999999998
"SNL-ZOOP-GFF53",">350um",">350um","EasternBrook",3155,3.12,-5.48,-5.48,6.92,0.919999999999998
"SNL-ZOOP-GFF53",">350um",">350um","EasternBrook",3155,3.12,-5.48,-5.48,6.92,0.919999999999998
"SNL-ZOOP-GFF53",">350um",">350um","EasternBrook",3155,3.12,-5.48,-5.48,6.92,0.919999999999998
"SNL-ZOOP-GFF53",">350um",">350um","EasternBrook",3155,3.12,-5.48,-5.48,6.92,0.919999999999998
"SNL-ZOOP-15A","Daphnia","cladocera","EasternBrook",3155,2.82,-7.38,-4.08,8.02,0.620000000000001
"SNL-ZOOP-GFF53",">350um",">350um","EasternBrook",3155,3.12,-5.48,-5.48,6.92,0.919999999999998
"SNL-ZOOP-16A","calanoid_cyclopoid","copepoda","EasternBrook",3155,3.28,-6.92,-6.62,9.58,0.68
"SNL-ZOOP-17A","calanoid_cyclopoid","copepoda","EasternBrook",3155,3.62,-7.28,-4.18,8.52,-0.68
"SNL-ZOOP-16A","calanoid_cyclopoid","copepoda","EasternBrook",3155,3.28,-6.92,-6.62,9.58,0.68
"SNL-ZOOP-17A","calanoid_cyclopoid","copepoda","EasternBrook",3155,3.62,-7.28,-4.18,8.52,-0.68
"SNL-ZOOP-17A","calanoid_cyclopoid","copepoda","EasternBrook",3155,3.62,-7.28,-4.18,8.52,-0.68
"SNL-ZOOP-16A","calanoid_cyclopoid","copepoda","EasternBrook",3155,3.28,-6.92,-6.62,9.58,0.68
"SNL-ZOOP-17A","calanoid_cyclopoid","copepoda","EasternBrook",3155,3.62,-7.28,-4.18,8.52,-0.68
"SNL-ZOOP-17A","calanoid_cyclopoid","copepoda","EasternBrook",3155,3.62,-7.28,-4.18,8.52,-0.68
"SNL-ZOOP-16A","calanoid_cyclopoid","copepoda","EasternBrook",3155,3.28,-6.92,-6.62,9.58,0.68
"SNL-ZOOP-16A","calanoid_cyclopoid","copepoda","EasternBrook",3155,3.28,-6.92,-6.62,9.58,0.68
"SNL-ZOOP-16A","calanoid_cyclopoid","copepoda","EasternBrook",3155,3.28,-6.92,-6.62,9.58,0.68
"SNL-ZOOP-16A","calanoid_cyclopoid","copepoda","EasternBrook",3155,3.28,-6.92,-6.62,9.58,0.68
"SNL-ZOOP-17A","calanoid_cyclopoid","copepoda","EasternBrook",3155,3.62,-7.28,-4.18,8.52,-0.68
"SNL-ZOOP-17A","calanoid_cyclopoid","copepoda","EasternBrook",3155,3.62,-7.28,-4.18,8.52,-0.68
"SNL-ZOOP-17A","calanoid_cyclopoid","copepoda","EasternBrook",3155,3.62,-7.28,-4.18,8.52,-0.68
"SNL-ZOOP-17A","calanoid_cyclopoid","copepoda","EasternBrook",3155,3.62,-7.28,-4.18,8.52,-0.68
"SNL-ZOOP-18A","calanoid","copepoda","Granite2",3178,2.98,-7.02,-4.52,9.58,-1.02
"SNL-ZOOP-18A","calanoid","copepoda","Granite2",3178,2.98,-7.02,-4.52,9.58,-1.02
"SNL-ZOOP-18A","calanoid","copepoda","Granite2",3178,2.98,-7.02,-4.52,9.58,-1.02
"SNL-ZOOP-18A","calanoid","copepoda","Granite2",3178,2.98,-7.02,-4.52,9.58,-1.02
"SNL-ZOOP-18A","calanoid","copepoda","Granite2",3178,2.98,-7.02,-4.52,9.58,-1.02
"SNL-ZOOP-18A","calanoid","copepoda","Granite2",3178,2.98,-7.02,-4.52,9.58,-1.02
"SNL-ZOOP-18A","calanoid","copepoda","Granite2",3178,2.98,-7.02,-4.52,9.58,-1.02
"SNL-ZOOP-19A","Daphnia","cladocera","Granite2",3178,2.7,-6,-4.3,8.9,-1.3
"SNL-ZOOP-18A","calanoid","copepoda","Granite2",3178,2.98,-7.02,-4.52,9.58,-1.02
"SNL-ZOOP-18A","calanoid","copepoda","Granite2",3178,2.98,-7.02,-4.52,9.58,-1.02
"SNL-ZOOP-GFF67",">350um",">350um","Granite2",3178,3.08,-4.72,-4.62,6.88,-0.619999999999997
"SNL-ZOOP-GFF67",">350um",">350um","Granite2",3178,3.08,-4.72,-4.62,6.88,-0.619999999999997
"SNL-ZOOP-GFF67",">350um",">350um","Granite2",3178,3.08,-4.72,-4.62,6.88,-0.619999999999997
"SNL-ZOOP-GFF67",">350um",">350um","Granite2",3178,3.08,-4.72,-4.62,6.88,-0.619999999999997
"SNL-ZOOP-GFF67",">350um",">350um","Granite2",3178,3.08,-4.72,-4.62,6.88,-0.619999999999997
"SNL-ZOOP-GFF67",">350um",">350um","Granite2",3178,3.08,-4.72,-4.62,6.88,-0.619999999999997
"SNL-ZOOP-GFF67",">350um",">350um","Granite2",3178,3.08,-4.72,-4.62,6.88,-0.619999999999997
"SNL-ZOOP-GFF67",">350um",">350um","Granite2",3178,3.08,-4.72,-4.62,6.88,-0.619999999999997
"SNL-ZOOP-19A","Daphnia","cladocera","Granite2",3178,2.7,-6,-4.3,8.9,-1.3
"SNL-ZOOP-19A","Daphnia","cladocera","Granite2",3178,2.7,-6,-4.3,8.9,-1.3
"SNL-ZOOP-19A","Daphnia","cladocera","Granite2",3178,2.7,-6,-4.3,8.9,-1.3
"SNL-ZOOP-19A","Daphnia","cladocera","Granite2",3178,2.7,-6,-4.3,8.9,-1.3
"SNL-ZOOP-GFF67",">350um",">350um","Granite2",3178,3.08,-4.72,-4.62,6.88,-0.619999999999997
"SNL-ZOOP-19A","Daphnia","cladocera","Granite2",3178,2.7,-6,-4.3,8.9,-1.3
"SNL-ZOOP-19A","Daphnia","cladocera","Granite2",3178,2.7,-6,-4.3,8.9,-1.3
"SNL-ZOOP-19A","Daphnia","cladocera","Granite2",3178,2.7,-6,-4.3,8.9,-1.3
"SNL-ZOOP-20A","Ceriodaphnia","cladocera","Granite2",3178,1.84,-5.96,-5.56,9.84,-0.16
"SNL-ZOOP-20A","Ceriodaphnia","cladocera","Granite2",3178,1.84,-5.96,-5.56,9.84,-0.16
"SNL-ZOOP-20A","Ceriodaphnia","cladocera","Granite2",3178,1.84,-5.96,-5.56,9.84,-0.16
"SNL-ZOOP-20A","Ceriodaphnia","cladocera","Granite2",3178,1.84,-5.96,-5.56,9.84,-0.16
"SNL-ZOOP-20A","Ceriodaphnia","cladocera","Granite2",3178,1.84,-5.96,-5.56,9.84,-0.16
"SNL-ZOOP-20A","Ceriodaphnia","cladocera","Granite2",3178,1.84,-5.96,-5.56,9.84,-0.16
"SNL-ZOOP-20A","Ceriodaphnia","cladocera","Granite2",3178,1.84,-5.96,-5.56,9.84,-0.16
"SNL-ZOOP-20A","Ceriodaphnia","cladocera","Granite2",3178,1.84,-5.96,-5.56,9.84,-0.16
"SNL-ZOOP-20A","Ceriodaphnia","cladocera","Granite2",3178,1.84,-5.96,-5.56,9.84,-0.16
"SNL-ZOOP-19A","Daphnia","cladocera","Granite2",3178,2.7,-6,-4.3,8.9,-1.3
"SNL-ZOOP-GFF66",">350um",">350um","Greenstone",3091,3.52,-6.48,-7.48,8.42,2.02
"SNL-ZOOP-GFF66",">350um",">350um","Greenstone",3091,3.52,-6.48,-7.48,8.42,2.02
"SNL-ZOOP-GFF66",">350um",">350um","Greenstone",3091,3.52,-6.48,-7.48,8.42,2.02
"SNL-ZOOP-GFF66",">350um",">350um","Greenstone",3091,3.52,-6.48,-7.48,8.42,2.02
"SNL-ZOOP-GFF66",">350um",">350um","Greenstone",3091,3.52,-6.48,-7.48,8.42,2.02
"SNL-ZOOP-GFF66",">350um",">350um","Greenstone",3091,3.52,-6.48,-7.48,8.42,2.02
"SNL-ZOOP-GFF66",">350um",">350um","Greenstone",3091,3.52,-6.48,-7.48,8.42,2.02
"SNL-ZOOP-GFF66",">350um",">350um","Greenstone",3091,3.52,-6.48,-7.48,8.42,2.02
"SNL-ZOOP-GFF66",">350um",">350um","Greenstone",3091,3.52,-6.48,-7.48,8.42,2.02
"SNL-ZOOP-02A","Daphnia","cladocera","Lukens",2513,3.94,-4.76,-4.16,6.04,-1.06
"SNL-ZOOP-02A","Daphnia","cladocera","Lukens",2513,3.94,-4.76,-4.16,6.04,-1.06
"SNL-ZOOP-02A","Daphnia","cladocera","Lukens",2513,3.94,-4.76,-4.16,6.04,-1.06
"SNL-ZOOP-02A","Daphnia","cladocera","Lukens",2513,3.94,-4.76,-4.16,6.04,-1.06
"SNL-ZOOP-02A","Daphnia","cladocera","Lukens",2513,3.94,-4.76,-4.16,6.04,-1.06
"SNL-ZOOP-03A","calanoid","copepoda","Lukens",2513,3.12,-5.78,-4.58,8.72,-1.48
"SNL-ZOOP-03A","calanoid","copepoda","Lukens",2513,3.12,-5.78,-4.58,8.72,-1.48
"SNL-ZOOP-03A","calanoid","copepoda","Lukens",2513,3.12,-5.78,-4.58,8.72,-1.48
"SNL-ZOOP-03A","calanoid","copepoda","Lukens",2513,3.12,-5.78,-4.58,8.72,-1.48
"SNL-ZOOP-03A","calanoid","copepoda","Lukens",2513,3.12,-5.78,-4.58,8.72,-1.48
"SNL-ZOOP-03A","calanoid","copepoda","Lukens",2513,3.12,-5.78,-4.58,8.72,-1.48
"SNL-ZOOP-03A","calanoid","copepoda","Lukens",2513,3.12,-5.78,-4.58,8.72,-1.48
"SNL-ZOOP-03A","calanoid","copepoda","Lukens",2513,3.12,-5.78,-4.58,8.72,-1.48
"SNL-ZOOP-04A","calanoid","copepoda","Lukens",2513,3.54,-5.66,-3.86,6.34,-0.359999999999999
"SNL-ZOOP-04A","calanoid","copepoda","Lukens",2513,3.54,-5.66,-3.86,6.34,-0.359999999999999
"SNL-ZOOP-04A","calanoid","copepoda","Lukens",2513,3.54,-5.66,-3.86,6.34,-0.359999999999999
"SNL-ZOOP-04A","calanoid","copepoda","Lukens",2513,3.54,-5.66,-3.86,6.34,-0.359999999999999
"SNL-ZOOP-04A","calanoid","copepoda","Lukens",2513,3.54,-5.66,-3.86,6.34,-0.359999999999999
"SNL-ZOOP-04A","calanoid","copepoda","Lukens",2513,3.54,-5.66,-3.86,6.34,-0.359999999999999
"SNL-ZOOP-04A","calanoid","copepoda","Lukens",2513,3.54,-5.66,-3.86,6.34,-0.359999999999999
"SNL-ZOOP-02A","Daphnia","cladocera","Lukens",2513,3.94,-4.76,-4.16,6.04,-1.06
"SNL-ZOOP-02A","Daphnia","cladocera","Lukens",2513,3.94,-4.76,-4.16,6.04,-1.06
"SNL-ZOOP-02A","Daphnia","cladocera","Lukens",2513,3.94,-4.76,-4.16,6.04,-1.06
"SNL-ZOOP-02A","Daphnia","cladocera","Lukens",2513,3.94,-4.76,-4.16,6.04,-1.06
"SNL-ZOOP-01A","Daphnia","cladocera","Lukens",2513,2.54,-4.16,-5.96,8.44,-0.859999999999999
"SNL-ZOOP-01A","Daphnia","cladocera","Lukens",2513,2.54,-4.16,-5.96,8.44,-0.859999999999999
"SNL-ZOOP-01A","Daphnia","cladocera","Lukens",2513,2.54,-4.16,-5.96,8.44,-0.859999999999999
"SNL-ZOOP-01A","Daphnia","cladocera","Lukens",2513,2.54,-4.16,-5.96,8.44,-0.859999999999999
"SNL-ZOOP-01A","Daphnia","cladocera","Lukens",2513,2.54,-4.16,-5.96,8.44,-0.859999999999999
"SNL-ZOOP-01A","Daphnia","cladocera","Lukens",2513,2.54,-4.16,-5.96,8.44,-0.859999999999999
"SNL-ZOOP-01A","Daphnia","cladocera","Lukens",2513,2.54,-4.16,-5.96,8.44,-0.859999999999999
"SNL-ZOOP-01A","Daphnia","cladocera","Lukens",2513,2.54,-4.16,-5.96,8.44,-0.859999999999999
"SNL-ZOOP-01A","Daphnia","cladocera","Lukens",2513,2.54,-4.16,-5.96,8.44,-0.859999999999999
"SNL-ZOOP-GFF65",">350um",">350um","Lukens",2513,4.9,-6.1,-5.3,6.4,0.100000000000001
"SNL-ZOOP-GFF65",">350um",">350um","Lukens",2513,4.9,-6.1,-5.3,6.4,0.100000000000001
"SNL-ZOOP-03A","calanoid","copepoda","Lukens",2513,3.12,-5.78,-4.58,8.72,-1.48
"SNL-ZOOP-GFF65",">350um",">350um","Lukens",2513,4.9,-6.1,-5.3,6.4,0.100000000000001
"SNL-ZOOP-GFF65",">350um",">350um","Lukens",2513,4.9,-6.1,-5.3,6.4,0.100000000000001
"SNL-ZOOP-GFF65",">350um",">350um","Lukens",2513,4.9,-6.1,-5.3,6.4,0.100000000000001
"SNL-ZOOP-GFF65",">350um",">350um","Lukens",2513,4.9,-6.1,-5.3,6.4,0.100000000000001
"SNL-ZOOP-GFF65",">350um",">350um","Lukens",2513,4.9,-6.1,-5.3,6.4,0.100000000000001
"SNL-ZOOP-04A","calanoid","copepoda","Lukens",2513,3.54,-5.66,-3.86,6.34,-0.359999999999999
"SNL-ZOOP-04A","calanoid","copepoda","Lukens",2513,3.54,-5.66,-3.86,6.34,-0.359999999999999
"SNL-ZOOP-GFF65",">350um",">350um","Lukens",2513,4.9,-6.1,-5.3,6.4,0.100000000000001
"SNL-ZOOP-GFF65",">350um",">350um","Lukens",2513,4.9,-6.1,-5.3,6.4,0.100000000000001
"SNL-ZOOP-07A","calanoid","copepoda","MayPond",2714,1.8,-6.9,-2.9,7.6,0.400000000000002
"SNL-ZOOP-07A","calanoid","copepoda","MayPond",2714,1.8,-6.9,-2.9,7.6,0.400000000000002
"SNL-ZOOP-05A","calanoid","copepoda","MayPond",2714,3.4,-6,-2.8,5.8,-0.399999999999999
"SNL-ZOOP-07A","calanoid","copepoda","MayPond",2714,1.8,-6.9,-2.9,7.6,0.400000000000002
"SNL-ZOOP-05A","calanoid","copepoda","MayPond",2714,3.4,-6,-2.8,5.8,-0.399999999999999
"SNL-ZOOP-05A","calanoid","copepoda","MayPond",2714,3.4,-6,-2.8,5.8,-0.399999999999999
"SNL-ZOOP-05A","calanoid","copepoda","MayPond",2714,3.4,-6,-2.8,5.8,-0.399999999999999
"SNL-ZOOP-05A","calanoid","copepoda","MayPond",2714,3.4,-6,-2.8,5.8,-0.399999999999999
"SNL-ZOOP-05A","calanoid","copepoda","MayPond",2714,3.4,-6,-2.8,5.8,-0.399999999999999
"SNL-ZOOP-07A","calanoid","copepoda","MayPond",2714,1.8,-6.9,-2.9,7.6,0.400000000000002
"SNL-ZOOP-07A","calanoid","copepoda","MayPond",2714,1.8,-6.9,-2.9,7.6,0.400000000000002
"SNL-ZOOP-07A","calanoid","copepoda","MayPond",2714,1.8,-6.9,-2.9,7.6,0.400000000000002
"SNL-ZOOP-07A","calanoid","copepoda","MayPond",2714,1.8,-6.9,-2.9,7.6,0.400000000000002
"SNL-ZOOP-GFF69",">350um",">350um","MayPond",2714,2.46,-4.73999999999999,-3.84,6.96,-0.839999999999996
"SNL-ZOOP-05A","calanoid","copepoda","MayPond",2714,3.4,-6,-2.8,5.8,-0.399999999999999
"SNL-ZOOP-GFF69",">350um",">350um","MayPond",2714,2.46,-4.73999999999999,-3.84,6.96,-0.839999999999996
"SNL-ZOOP-06A","calanoid","copepoda","MayPond",2714,1.9,-8.1,-3.5,8.9,0.800000000000001
"SNL-ZOOP-07A","calanoid","copepoda","MayPond",2714,1.8,-6.9,-2.9,7.6,0.400000000000002
"SNL-ZOOP-07A","calanoid","copepoda","MayPond",2714,1.8,-6.9,-2.9,7.6,0.400000000000002
"SNL-ZOOP-05A","calanoid","copepoda","MayPond",2714,3.4,-6,-2.8,5.8,-0.399999999999999
"SNL-ZOOP-05A","calanoid","copepoda","MayPond",2714,3.4,-6,-2.8,5.8,-0.399999999999999
"SNL-ZOOP-06A","calanoid","copepoda","MayPond",2714,1.9,-8.1,-3.5,8.9,0.800000000000001
"SNL-ZOOP-06A","calanoid","copepoda","MayPond",2714,1.9,-8.1,-3.5,8.9,0.800000000000001
"SNL-ZOOP-GFF69",">350um",">350um","MayPond",2714,2.46,-4.73999999999999,-3.84,6.96,-0.839999999999996
"SNL-ZOOP-GFF69",">350um",">350um","MayPond",2714,2.46,-4.73999999999999,-3.84,6.96,-0.839999999999996
"SNL-ZOOP-06A","calanoid","copepoda","MayPond",2714,1.9,-8.1,-3.5,8.9,0.800000000000001
"SNL-ZOOP-GFF69",">350um",">350um","MayPond",2714,2.46,-4.73999999999999,-3.84,6.96,-0.839999999999996
"SNL-ZOOP-06A","calanoid","copepoda","MayPond",2714,1.9,-8.1,-3.5,8.9,0.800000000000001
"SNL-ZOOP-GFF69",">350um",">350um","MayPond",2714,2.46,-4.73999999999999,-3.84,6.96,-0.839999999999996
"SNL-ZOOP-06A","calanoid","copepoda","MayPond",2714,1.9,-8.1,-3.5,8.9,0.800000000000001
"SNL-ZOOP-GFF69",">350um",">350um","MayPond",2714,2.46,-4.73999999999999,-3.84,6.96,-0.839999999999996
"SNL-ZOOP-GFF69",">350um",">350um","MayPond",2714,2.46,-4.73999999999999,-3.84,6.96,-0.839999999999996
"SNL-ZOOP-GFF69",">350um",">350um","MayPond",2714,2.46,-4.73999999999999,-3.84,6.96,-0.839999999999996
"SNL-ZOOP-06A","calanoid","copepoda","MayPond",2714,1.9,-8.1,-3.5,8.9,0.800000000000001
"SNL-ZOOP-06A","calanoid","copepoda","MayPond",2714,1.9,-8.1,-3.5,8.9,0.800000000000001
"SNL-ZOOP-06A","calanoid","copepoda","MayPond",2714,1.9,-8.1,-3.5,8.9,0.800000000000001
"SNL-ZOOP-GFF47",">350um",">350um","Sunrise2",2830,3.62,-4.78,-3.58,7.02,-2.28
"SNL-ZOOP-GFF47",">350um",">350um","Sunrise2",2830,3.62,-4.78,-3.58,7.02,-2.28
"SNL-ZOOP-GFF47",">350um",">350um","Sunrise2",2830,3.62,-4.78,-3.58,7.02,-2.28
"SNL-ZOOP-GFF47",">350um",">350um","Sunrise2",2830,3.62,-4.78,-3.58,7.02,-2.28
"SNL-ZOOP-GFF47",">350um",">350um","Sunrise2",2830,3.62,-4.78,-3.58,7.02,-2.28
"SNL-ZOOP-GFF47",">350um",">350um","Sunrise2",2830,3.62,-4.78,-3.58,7.02,-2.28
"SNL-ZOOP-GFF47",">350um",">350um","Sunrise2",2830,3.62,-4.78,-3.58,7.02,-2.28
"SNL-ZOOP-GFF47",">350um",">350um","Sunrise2",2830,3.62,-4.78,-3.58,7.02,-2.28
"SNL-ZOOP-GFF47",">350um",">350um","Sunrise2",2830,3.62,-4.78,-3.58,7.02,-2.28
