"","Lake","Location","Date","latitude","longitude","elevation..m","depth..m","secchi..m","tow..m","temp..C","DO..perc","DO..mg.L","cond","pH","DOC..mg.L","TDN..ug.L","TDP..ug.L","chla..ug.L","SampleID","Group","Type","orig.class","phy.group","Ile","Leu","Phe","Thr","Val","Ile.n","Leu.n","Phe.n","Thr.n","Val.n","LD.class","LD1","LD2","Auto.mean","Auto.SD","Alloch.mean","Alloch.SD"
"1","Blue","Sierra Nevada","7/30/22",38.050952,-119.27033,3054,15.8496,4.8768,14.99616,12.8,73.8,7.92,74.7,7.97,0.85,137.16,22.6,0.34,"SNL-POM-04","POM","POM <63um","POM","POM",-20.3,-30.6,-29.3,-18.8,-23.7,4.24,-6.06,-4.76,5.74,0.84,"Source",-1.31340745437804,-1.85481783338106,NA,NA,NA,NA
"2","Blue","Sierra Nevada","7/30/22",38.050952,-119.27033,3054,15.8496,4.8768,14.99616,12.8,73.8,7.92,74.7,7.97,0.85,137.16,22.6,0.34,"SNL-ZOOP-09A","Zooplankton","calanoid_cyclopoid","calanoid_cyclopoid","copepoda",-25.6,-33.5,-30,-20.2,-26.4,1.54,-6.36,-2.86,6.94,0.740000000000002,"POM",0.125517441627714,-1.01403302749604,0.731,0.136,0.269,0.136
"3","Blue","Sierra Nevada","7/30/22",38.050952,-119.27033,3054,15.8496,4.8768,14.99616,12.8,73.8,7.92,74.7,7.97,0.85,137.16,22.6,0.34,"SNL-ZOOP-09A","Zooplankton","calanoid_cyclopoid","calanoid_cyclopoid","copepoda",-25.6,-33.5,-30,-20.2,-26.4,1.54,-6.36,-2.86,6.94,0.740000000000002,"POM",0.125517441627714,-1.01403302749604,0.731,0.136,0.269,0.136
"4","Blue","Sierra Nevada","7/30/22",38.050952,-119.27033,3054,15.8496,4.8768,14.99616,12.8,73.8,7.92,74.7,7.97,0.85,137.16,22.6,0.34,"SNL-ZOOP-08A","Zooplankton","calanoid_cyclopoid","calanoid_cyclopoid","copepoda",-23.1,-32.8,-30.6,-16.2,-23.7,2.18,-7.52,-5.32,9.08,1.58,"POM",0.15258917389344,-1.58816124779992,0.752,0.138,0.248,0.138
"5","Blue","Sierra Nevada","7/30/22",38.050952,-119.27033,3054,15.8496,4.8768,14.99616,12.8,73.8,7.92,74.7,7.97,0.85,137.16,22.6,0.34,"SNL-ZOOP-08A","Zooplankton","calanoid_cyclopoid","calanoid_cyclopoid","copepoda",-23.1,-32.8,-30.6,-16.2,-23.7,2.18,-7.52,-5.32,9.08,1.58,"POM",0.15258917389344,-1.58816124779992,0.752,0.138,0.248,0.138
"6","Blue","Sierra Nevada","7/30/22",38.050952,-119.27033,3054,15.8496,4.8768,14.99616,12.8,73.8,7.92,74.7,7.97,0.85,137.16,22.6,0.34,"SNL-ZOOP-08A","Zooplankton","calanoid_cyclopoid","calanoid_cyclopoid","copepoda",-23.1,-32.8,-30.6,-16.2,-23.7,2.18,-7.52,-5.32,9.08,1.58,"POM",0.15258917389344,-1.58816124779992,0.752,0.138,0.248,0.138
"7","Blue","Sierra Nevada","7/30/22",38.050952,-119.27033,3054,15.8496,4.8768,14.99616,12.8,73.8,7.92,74.7,7.97,0.85,137.16,22.6,0.34,"SNL-ZOOP-08A","Zooplankton","calanoid_cyclopoid","calanoid_cyclopoid","copepoda",-23.1,-32.8,-30.6,-16.2,-23.7,2.18,-7.52,-5.32,9.08,1.58,"POM",0.15258917389344,-1.58816124779992,0.752,0.138,0.248,0.138
"8","Blue","Sierra Nevada","7/30/22",38.050952,-119.27033,3054,15.8496,4.8768,14.99616,12.8,73.8,7.92,74.7,7.97,0.85,137.16,22.6,0.34,"SNL-ZOOP-08A","Zooplankton","calanoid_cyclopoid","calanoid_cyclopoid","copepoda",-23.1,-32.8,-30.6,-16.2,-23.7,2.18,-7.52,-5.32,9.08,1.58,"POM",0.15258917389344,-1.58816124779992,0.752,0.138,0.248,0.138
"9","Blue","Sierra Nevada","7/30/22",38.050952,-119.27033,3054,15.8496,4.8768,14.99616,12.8,73.8,7.92,74.7,7.97,0.85,137.16,22.6,0.34,"SNL-ZOOP-08A","Zooplankton","calanoid_cyclopoid","calanoid_cyclopoid","copepoda",-23.1,-32.8,-30.6,-16.2,-23.7,2.18,-7.52,-5.32,9.08,1.58,"POM",0.15258917389344,-1.58816124779992,0.752,0.138,0.248,0.138
"10","Blue","Sierra Nevada","7/30/22",38.050952,-119.27033,3054,15.8496,4.8768,14.99616,12.8,73.8,7.92,74.7,7.97,0.85,137.16,22.6,0.34,"SNL-ZOOP-08A","Zooplankton","calanoid_cyclopoid","calanoid_cyclopoid","copepoda",-23.1,-32.8,-30.6,-16.2,-23.7,2.18,-7.52,-5.32,9.08,1.58,"POM",0.15258917389344,-1.58816124779992,0.752,0.138,0.248,0.138
"11","Blue","Sierra Nevada","7/30/22",38.050952,-119.27033,3054,15.8496,4.8768,14.99616,12.8,73.8,7.92,74.7,7.97,0.85,137.16,22.6,0.34,"SNL-ZOOP-10A","Zooplankton","Daphnia","Daphnia","cladocera",-24.8,-31.8,-32.2,-16.9,-29.9,2.32,-4.68,-5.08,10.22,-2.78,"POM",-2.34477536044207,-0.423148278677842,0.93,0.056,0.07,0.056
"12","Blue","Sierra Nevada","7/30/22",38.050952,-119.27033,3054,15.8496,4.8768,14.99616,12.8,73.8,7.92,74.7,7.97,0.85,137.16,22.6,0.34,"SNL-ZOOP-10A","Zooplankton","Daphnia","Daphnia","cladocera",-24.8,-31.8,-32.2,-16.9,-29.9,2.32,-4.68,-5.08,10.22,-2.78,"POM",-2.34477536044207,-0.423148278677842,0.93,0.056,0.07,0.056
"13","Blue","Sierra Nevada","7/30/22",38.050952,-119.27033,3054,15.8496,4.8768,14.99616,12.8,73.8,7.92,74.7,7.97,0.85,137.16,22.6,0.34,"SNL-ZOOP-10A","Zooplankton","Daphnia","Daphnia","cladocera",-24.8,-31.8,-32.2,-16.9,-29.9,2.32,-4.68,-5.08,10.22,-2.78,"POM",-2.34477536044207,-0.423148278677842,0.93,0.056,0.07,0.056
"14","Blue","Sierra Nevada","7/30/22",38.050952,-119.27033,3054,15.8496,4.8768,14.99616,12.8,73.8,7.92,74.7,7.97,0.85,137.16,22.6,0.34,"SNL-ZOOP-10A","Zooplankton","Daphnia","Daphnia","cladocera",-24.8,-31.8,-32.2,-16.9,-29.9,2.32,-4.68,-5.08,10.22,-2.78,"POM",-2.34477536044207,-0.423148278677842,0.93,0.056,0.07,0.056
"15","Blue","Sierra Nevada","7/30/22",38.050952,-119.27033,3054,15.8496,4.8768,14.99616,12.8,73.8,7.92,74.7,7.97,0.85,137.16,22.6,0.34,"SNL-ZOOP-09A","Zooplankton","calanoid_cyclopoid","calanoid_cyclopoid","copepoda",-25.6,-33.5,-30,-20.2,-26.4,1.54,-6.36,-2.86,6.94,0.740000000000002,"POM",0.125517441627714,-1.01403302749604,0.731,0.136,0.269,0.136
"16","Blue","Sierra Nevada","7/30/22",38.050952,-119.27033,3054,15.8496,4.8768,14.99616,12.8,73.8,7.92,74.7,7.97,0.85,137.16,22.6,0.34,"SNL-TERPLA-15","Terrestrial Plants","Carex spp. ","Terrestrial Plants","Plants",-25.8,-37,-28,-19.8,-25.1,1.34,-9.86,-0.859999999999999,7.34,2.04,"Source",4.03825760238702,-0.81689208081839,NA,NA,NA,NA
"17","Blue","Sierra Nevada","7/30/22",38.050952,-119.27033,3054,15.8496,4.8768,14.99616,12.8,73.8,7.92,74.7,7.97,0.85,137.16,22.6,0.34,"SNL-TERPLA-18","Terrestrial Plants","Salix spp. ","Terrestrial Plants","Plants",-21.7,-35.1,-26.2,-9.8,-25.8,2.02,-11.38,-2.48,13.92,-2.08,"Source",4.94871292486137,1.21487683524012,NA,NA,NA,NA
"18","Blue","Sierra Nevada","7/30/22",38.050952,-119.27033,3054,15.8496,4.8768,14.99616,12.8,73.8,7.92,74.7,7.97,0.85,137.16,22.6,0.34,"SNL-TERPLA-27","Terrestrial Plants","Pinus contorta ssp. Murrayana","Terrestrial Plants","Plants",-21.4,-32.4,-26.1,-15.3,-20.4,1.72,-9.28,-2.98,7.82,2.72,"Source",2.89700570778733,-0.765296569528346,NA,NA,NA,NA
"19","Blue","Sierra Nevada","7/30/22",38.050952,-119.27033,3054,15.8496,4.8768,14.99616,12.8,73.8,7.92,74.7,7.97,0.85,137.16,22.6,0.34,"SNL-ZOOP-08A","Zooplankton","calanoid_cyclopoid","calanoid_cyclopoid","copepoda",-23.1,-32.8,-30.6,-16.2,-23.7,2.18,-7.52,-5.32,9.08,1.58,"POM",0.15258917389344,-1.58816124779992,0.752,0.138,0.248,0.138
"20","Blue","Sierra Nevada","7/30/22",38.050952,-119.27033,3054,15.8496,4.8768,14.99616,12.8,73.8,7.92,74.7,7.97,0.85,137.16,22.6,0.34,"SNL-ZOOP-08A","Zooplankton","calanoid_cyclopoid","calanoid_cyclopoid","copepoda",-23.1,-32.8,-30.6,-16.2,-23.7,2.18,-7.52,-5.32,9.08,1.58,"POM",0.15258917389344,-1.58816124779992,0.752,0.138,0.248,0.138
"21","Blue","Sierra Nevada","7/30/22",38.050952,-119.27033,3054,15.8496,4.8768,14.99616,12.8,73.8,7.92,74.7,7.97,0.85,137.16,22.6,0.34,"SNL-ZOOP-09A","Zooplankton","calanoid_cyclopoid","calanoid_cyclopoid","copepoda",-25.6,-33.5,-30,-20.2,-26.4,1.54,-6.36,-2.86,6.94,0.740000000000002,"POM",0.125517441627714,-1.01403302749604,0.731,0.136,0.269,0.136
"22","Blue","Sierra Nevada","7/30/22",38.050952,-119.27033,3054,15.8496,4.8768,14.99616,12.8,73.8,7.92,74.7,7.97,0.85,137.16,22.6,0.34,"SNL-ZOOP-GFF49","Zooplankton",">350um",">350um",">350um",-22.5,-33.2,-32.7,-20.5,-26.1,4.5,-6.2,-5.7,6.5,0.899999999999999,"POM",-1.82261025333872,-2.74687083190729,0.938,0.053,0.062,0.053
"23","Blue","Sierra Nevada","7/30/22",38.050952,-119.27033,3054,15.8496,4.8768,14.99616,12.8,73.8,7.92,74.7,7.97,0.85,137.16,22.6,0.34,"ALR-BLUELAKE-30JUL2022-FILGREEN-2","Algae","Filamentous green algae","Algae","Algae",-17.02,-24.29,-23.06,-9.29,-21.94,2.1,-5.17,-3.94,9.83,-2.82,"Source",-0.764696175025131,1.84821007151988,NA,NA,NA,NA
"24","Blue","Sierra Nevada","7/30/22",38.050952,-119.27033,3054,15.8496,4.8768,14.99616,12.8,73.8,7.92,74.7,7.97,0.85,137.16,22.6,0.34,"ALR-BLUELAKE-30JUL2022-FILGREEN-3","Algae","Filamentous green algae","Algae","Algae",-11.93,-14.74,-16.48,-6.87,-16.88,1.45,-1.36,-3.1,6.51,-3.5,"Source",-3.177888490868,3.64454010534696,NA,NA,NA,NA
"25","Blue","Sierra Nevada","7/30/22",38.050952,-119.27033,3054,15.8496,4.8768,14.99616,12.8,73.8,7.92,74.7,7.97,0.85,137.16,22.6,0.34,"SNL-ZOOP-11A","Zooplankton","Daphnia","Daphnia","cladocera",-21.4,-31,-29.3,-14.8,-23.6,2.62,-6.98,-5.28,9.22,0.419999999999998,"POM",-0.283172133808031,-1.00157042002824,0.785,0.124,0.215,0.124
"26","Blue","Sierra Nevada","7/30/22",38.050952,-119.27033,3054,15.8496,4.8768,14.99616,12.8,73.8,7.92,74.7,7.97,0.85,137.16,22.6,0.34,"SNL-ZOOP-GFF49","Zooplankton",">350um",">350um",">350um",-22.5,-33.2,-32.7,-20.5,-26.1,4.5,-6.2,-5.7,6.5,0.899999999999999,"POM",-1.82261025333872,-2.74687083190729,0.938,0.053,0.062,0.053
"27","Blue","Sierra Nevada","7/30/22",38.050952,-119.27033,3054,15.8496,4.8768,14.99616,12.8,73.8,7.92,74.7,7.97,0.85,137.16,22.6,0.34,"SNL-ZOOP-GFF49","Zooplankton",">350um",">350um",">350um",-22.5,-33.2,-32.7,-20.5,-26.1,4.5,-6.2,-5.7,6.5,0.899999999999999,"POM",-1.82261025333872,-2.74687083190729,0.938,0.053,0.062,0.053
"28","Blue","Sierra Nevada","7/30/22",38.050952,-119.27033,3054,15.8496,4.8768,14.99616,12.8,73.8,7.92,74.7,7.97,0.85,137.16,22.6,0.34,"SNL-ZOOP-10A","Zooplankton","Daphnia","Daphnia","cladocera",-24.8,-31.8,-32.2,-16.9,-29.9,2.32,-4.68,-5.08,10.22,-2.78,"POM",-2.34477536044207,-0.423148278677842,0.93,0.056,0.07,0.056
"29","Blue","Sierra Nevada","7/30/22",38.050952,-119.27033,3054,15.8496,4.8768,14.99616,12.8,73.8,7.92,74.7,7.97,0.85,137.16,22.6,0.34,"SNL-ZOOP-09A","Zooplankton","calanoid_cyclopoid","calanoid_cyclopoid","copepoda",-25.6,-33.5,-30,-20.2,-26.4,1.54,-6.36,-2.86,6.94,0.740000000000002,"POM",0.125517441627714,-1.01403302749604,0.731,0.136,0.269,0.136
"30","Blue","Sierra Nevada","7/30/22",38.050952,-119.27033,3054,15.8496,4.8768,14.99616,12.8,73.8,7.92,74.7,7.97,0.85,137.16,22.6,0.34,"SNL-ZOOP-09A","Zooplankton","calanoid_cyclopoid","calanoid_cyclopoid","copepoda",-25.6,-33.5,-30,-20.2,-26.4,1.54,-6.36,-2.86,6.94,0.740000000000002,"POM",0.125517441627714,-1.01403302749604,0.731,0.136,0.269,0.136
"31","Blue","Sierra Nevada","7/30/22",38.050952,-119.27033,3054,15.8496,4.8768,14.99616,12.8,73.8,7.92,74.7,7.97,0.85,137.16,22.6,0.34,"SNL-ZOOP-09A","Zooplankton","calanoid_cyclopoid","calanoid_cyclopoid","copepoda",-25.6,-33.5,-30,-20.2,-26.4,1.54,-6.36,-2.86,6.94,0.740000000000002,"POM",0.125517441627714,-1.01403302749604,0.731,0.136,0.269,0.136
"32","Blue","Sierra Nevada","7/30/22",38.050952,-119.27033,3054,15.8496,4.8768,14.99616,12.8,73.8,7.92,74.7,7.97,0.85,137.16,22.6,0.34,"SNL-TERPLA-SA","Terrestrial Plants","Artemisia tridentata","Terrestrial Plants","Plants",-25.7,-38,-29.7,-20.3,-30,3.04,-9.26,-0.960000000000001,8.44,-1.26,"Source",3.02435135153063,-0.52608279547922,NA,NA,NA,NA
"33","Blue","Sierra Nevada","7/30/22",38.050952,-119.27033,3054,15.8496,4.8768,14.99616,12.8,73.8,7.92,74.7,7.97,0.85,137.16,22.6,0.34,"SNL-ZOOP-09A","Zooplankton","calanoid_cyclopoid","calanoid_cyclopoid","copepoda",-25.6,-33.5,-30,-20.2,-26.4,1.54,-6.36,-2.86,6.94,0.740000000000002,"POM",0.125517441627714,-1.01403302749604,0.731,0.136,0.269,0.136
"34","Blue","Sierra Nevada","7/30/22",38.050952,-119.27033,3054,15.8496,4.8768,14.99616,12.8,73.8,7.92,74.7,7.97,0.85,137.16,22.6,0.34,"ALR-BLUELAKE-30JUL2022-EPILITHIC-1","Algae","Epilithic algae","Algae","Algae",-16.03,-20.87,-21.26,-13.16,-20.16,2.266,-2.574,-2.964,5.136,-1.864,"Source",-2.66714499571264,1.61023866811923,NA,NA,NA,NA
"35","Blue","Sierra Nevada","7/30/22",38.050952,-119.27033,3054,15.8496,4.8768,14.99616,12.8,73.8,7.92,74.7,7.97,0.85,137.16,22.6,0.34,"SNL-ZOOP-10A","Zooplankton","Daphnia","Daphnia","cladocera",-24.8,-31.8,-32.2,-16.9,-29.9,2.32,-4.68,-5.08,10.22,-2.78,"POM",-2.34477536044207,-0.423148278677842,0.93,0.056,0.07,0.056
"36","Blue","Sierra Nevada","7/30/22",38.050952,-119.27033,3054,15.8496,4.8768,14.99616,12.8,73.8,7.92,74.7,7.97,0.85,137.16,22.6,0.34,"SNL-ZOOP-10A","Zooplankton","Daphnia","Daphnia","cladocera",-24.8,-31.8,-32.2,-16.9,-29.9,2.32,-4.68,-5.08,10.22,-2.78,"POM",-2.34477536044207,-0.423148278677842,0.93,0.056,0.07,0.056
"37","Blue","Sierra Nevada","7/30/22",38.050952,-119.27033,3054,15.8496,4.8768,14.99616,12.8,73.8,7.92,74.7,7.97,0.85,137.16,22.6,0.34,"SNL-ZOOP-GFF49","Zooplankton",">350um",">350um",">350um",-22.5,-33.2,-32.7,-20.5,-26.1,4.5,-6.2,-5.7,6.5,0.899999999999999,"POM",-1.82261025333872,-2.74687083190729,0.938,0.053,0.062,0.053
"38","Blue","Sierra Nevada","7/30/22",38.050952,-119.27033,3054,15.8496,4.8768,14.99616,12.8,73.8,7.92,74.7,7.97,0.85,137.16,22.6,0.34,"SNL-ZOOP-GFF49","Zooplankton",">350um",">350um",">350um",-22.5,-33.2,-32.7,-20.5,-26.1,4.5,-6.2,-5.7,6.5,0.899999999999999,"POM",-1.82261025333872,-2.74687083190729,0.938,0.053,0.062,0.053
"39","Blue","Sierra Nevada","7/30/22",38.050952,-119.27033,3054,15.8496,4.8768,14.99616,12.8,73.8,7.92,74.7,7.97,0.85,137.16,22.6,0.34,"SNL-ZOOP-10A","Zooplankton","Daphnia","Daphnia","cladocera",-24.8,-31.8,-32.2,-16.9,-29.9,2.32,-4.68,-5.08,10.22,-2.78,"POM",-2.34477536044207,-0.423148278677842,0.93,0.056,0.07,0.056
"40","Blue","Sierra Nevada","7/30/22",38.050952,-119.27033,3054,15.8496,4.8768,14.99616,12.8,73.8,7.92,74.7,7.97,0.85,137.16,22.6,0.34,"SNL-ZOOP-11A","Zooplankton","Daphnia","Daphnia","cladocera",-21.4,-31,-29.3,-14.8,-23.6,2.62,-6.98,-5.28,9.22,0.419999999999998,"POM",-0.283172133808031,-1.00157042002824,0.785,0.124,0.215,0.124
"41","Blue","Sierra Nevada","7/30/22",38.050952,-119.27033,3054,15.8496,4.8768,14.99616,12.8,73.8,7.92,74.7,7.97,0.85,137.16,22.6,0.34,"SNL-ZOOP-09A","Zooplankton","calanoid_cyclopoid","calanoid_cyclopoid","copepoda",-25.6,-33.5,-30,-20.2,-26.4,1.54,-6.36,-2.86,6.94,0.740000000000002,"POM",0.125517441627714,-1.01403302749604,0.731,0.136,0.269,0.136
"42","Blue","Sierra Nevada","7/30/22",38.050952,-119.27033,3054,15.8496,4.8768,14.99616,12.8,73.8,7.92,74.7,7.97,0.85,137.16,22.6,0.34,"SNL-ZOOP-10A","Zooplankton","Daphnia","Daphnia","cladocera",-24.8,-31.8,-32.2,-16.9,-29.9,2.32,-4.68,-5.08,10.22,-2.78,"POM",-2.34477536044207,-0.423148278677842,0.93,0.056,0.07,0.056
"43","Blue","Sierra Nevada","7/30/22",38.050952,-119.27033,3054,15.8496,4.8768,14.99616,12.8,73.8,7.92,74.7,7.97,0.85,137.16,22.6,0.34,"SNL-ZOOP-11A","Zooplankton","Daphnia","Daphnia","cladocera",-21.4,-31,-29.3,-14.8,-23.6,2.62,-6.98,-5.28,9.22,0.419999999999998,"POM",-0.283172133808031,-1.00157042002824,0.785,0.124,0.215,0.124
"44","Blue","Sierra Nevada","7/30/22",38.050952,-119.27033,3054,15.8496,4.8768,14.99616,12.8,73.8,7.92,74.7,7.97,0.85,137.16,22.6,0.34,"ALR-BLUELAKE-30JUL2022-EPILITHIC-2","Algae","Epilithic algae","Algae","Algae",-17.68,-21.92,-21.97,-12.78,-21.86,1.562,-2.678,-2.728,6.462,-2.618,"Source",-2.37744304684868,2.01431020433377,NA,NA,NA,NA
"45","Blue","Sierra Nevada","7/30/22",38.050952,-119.27033,3054,15.8496,4.8768,14.99616,12.8,73.8,7.92,74.7,7.97,0.85,137.16,22.6,0.34,"ALR-BLUELAKE-30JUL2022-FILGREEN-1","Algae","Filamentous green algae","Algae","Algae",-19.29,-23.26,-25.76,-14.12,-23.57,1.91,-2.06,-4.56,7.08,-2.37,"Source",-3.89812660235606,0.89266394087219,NA,NA,NA,NA
"46","Blue","Sierra Nevada","7/30/22",38.050952,-119.27033,3054,15.8496,4.8768,14.99616,12.8,73.8,7.92,74.7,7.97,0.85,137.16,22.6,0.34,"SNL-ZOOP-11A","Zooplankton","Daphnia","Daphnia","cladocera",-21.4,-31,-29.3,-14.8,-23.6,2.62,-6.98,-5.28,9.22,0.419999999999998,"POM",-0.283172133808031,-1.00157042002824,0.785,0.124,0.215,0.124
"47","Blue","Sierra Nevada","7/30/22",38.050952,-119.27033,3054,15.8496,4.8768,14.99616,12.8,73.8,7.92,74.7,7.97,0.85,137.16,22.6,0.34,"SNL-ZOOP-11A","Zooplankton","Daphnia","Daphnia","cladocera",-21.4,-31,-29.3,-14.8,-23.6,2.62,-6.98,-5.28,9.22,0.419999999999998,"POM",-0.283172133808031,-1.00157042002824,0.785,0.124,0.215,0.124
"48","Blue","Sierra Nevada","7/30/22",38.050952,-119.27033,3054,15.8496,4.8768,14.99616,12.8,73.8,7.92,74.7,7.97,0.85,137.16,22.6,0.34,"SNL-ZOOP-GFF49","Zooplankton",">350um",">350um",">350um",-22.5,-33.2,-32.7,-20.5,-26.1,4.5,-6.2,-5.7,6.5,0.899999999999999,"POM",-1.82261025333872,-2.74687083190729,0.938,0.053,0.062,0.053
"49","Blue","Sierra Nevada","7/30/22",38.050952,-119.27033,3054,15.8496,4.8768,14.99616,12.8,73.8,7.92,74.7,7.97,0.85,137.16,22.6,0.34,"SNL-ZOOP-GFF49","Zooplankton",">350um",">350um",">350um",-22.5,-33.2,-32.7,-20.5,-26.1,4.5,-6.2,-5.7,6.5,0.899999999999999,"POM",-1.82261025333872,-2.74687083190729,0.938,0.053,0.062,0.053
"50","Blue","Sierra Nevada","7/30/22",38.050952,-119.27033,3054,15.8496,4.8768,14.99616,12.8,73.8,7.92,74.7,7.97,0.85,137.16,22.6,0.34,"SNL-ZOOP-11A","Zooplankton","Daphnia","Daphnia","cladocera",-21.4,-31,-29.3,-14.8,-23.6,2.62,-6.98,-5.28,9.22,0.419999999999998,"POM",-0.283172133808031,-1.00157042002824,0.785,0.124,0.215,0.124
"51","Blue","Sierra Nevada","7/30/22",38.050952,-119.27033,3054,15.8496,4.8768,14.99616,12.8,73.8,7.92,74.7,7.97,0.85,137.16,22.6,0.34,"SNL-ZOOP-GFF49","Zooplankton",">350um",">350um",">350um",-22.5,-33.2,-32.7,-20.5,-26.1,4.5,-6.2,-5.7,6.5,0.899999999999999,"POM",-1.82261025333872,-2.74687083190729,0.938,0.053,0.062,0.053
"52","Blue","Sierra Nevada","7/30/22",38.050952,-119.27033,3054,15.8496,4.8768,14.99616,12.8,73.8,7.92,74.7,7.97,0.85,137.16,22.6,0.34,"SNL-ZOOP-11A","Zooplankton","Daphnia","Daphnia","cladocera",-21.4,-31,-29.3,-14.8,-23.6,2.62,-6.98,-5.28,9.22,0.419999999999998,"POM",-0.283172133808031,-1.00157042002824,0.785,0.124,0.215,0.124
"53","Blue","Sierra Nevada","7/30/22",38.050952,-119.27033,3054,15.8496,4.8768,14.99616,12.8,73.8,7.92,74.7,7.97,0.85,137.16,22.6,0.34,"SNL-ZOOP-GFF49","Zooplankton",">350um",">350um",">350um",-22.5,-33.2,-32.7,-20.5,-26.1,4.5,-6.2,-5.7,6.5,0.899999999999999,"POM",-1.82261025333872,-2.74687083190729,0.938,0.053,0.062,0.053
"54","Blue","Sierra Nevada","7/30/22",38.050952,-119.27033,3054,15.8496,4.8768,14.99616,12.8,73.8,7.92,74.7,7.97,0.85,137.16,22.6,0.34,"SNL-ZOOP-11A","Zooplankton","Daphnia","Daphnia","cladocera",-21.4,-31,-29.3,-14.8,-23.6,2.62,-6.98,-5.28,9.22,0.419999999999998,"POM",-0.283172133808031,-1.00157042002824,0.785,0.124,0.215,0.124
"55","Blue","Sierra Nevada","7/30/22",38.050952,-119.27033,3054,15.8496,4.8768,14.99616,12.8,73.8,7.92,74.7,7.97,0.85,137.16,22.6,0.34,"SNL-ZOOP-11A","Zooplankton","Daphnia","Daphnia","cladocera",-21.4,-31,-29.3,-14.8,-23.6,2.62,-6.98,-5.28,9.22,0.419999999999998,"POM",-0.283172133808031,-1.00157042002824,0.785,0.124,0.215,0.124
"56","Cascade","Sierra Nevada","8/1/22",37.98977,-119.30626,3140,10.54608,6.096,10.997184,13.85,71,7.34,4.6,7.23,1.05,240.83,136.84,0.53,"SNL-ZOOP-13A","Zooplankton","Daphnia","Daphnia","cladocera",-21.7,-34.4,-31.3,-16.1,-26.8,4.36,-8.34,-5.24,9.96,-0.740000000000002,"POM",0.40028929521303,-1.54903746464101,0.718,0.146,0.282,0.146
"57","Cascade","Sierra Nevada","8/1/22",37.98977,-119.30626,3140,10.54608,6.096,10.997184,13.85,71,7.34,4.6,7.23,1.05,240.83,136.84,0.53,"SNL-ZOOP-14A","Zooplankton","Daphnia","Daphnia","cladocera",-22.4,-33.8,-32,-19.4,-26.5,4.42,-6.98,-5.18,7.42,0.32,"POM",-0.878480843117249,-2.27211279730355,0.887,0.086,0.113,0.086
"58","Cascade","Sierra Nevada","8/1/22",37.98977,-119.30626,3140,10.54608,6.096,10.997184,13.85,71,7.34,4.6,7.23,1.05,240.83,136.84,0.53,"SNL-ZOOP-13A","Zooplankton","Daphnia","Daphnia","cladocera",-21.7,-34.4,-31.3,-16.1,-26.8,4.36,-8.34,-5.24,9.96,-0.740000000000002,"POM",0.40028929521303,-1.54903746464101,0.718,0.146,0.282,0.146
"59","Cascade","Sierra Nevada","8/1/22",37.98977,-119.30626,3140,10.54608,6.096,10.997184,13.85,71,7.34,4.6,7.23,1.05,240.83,136.84,0.53,"SNL-POM-01","POM","POM <63um","POM","POM",-25.9,-33.3,-32.6,-29.6,-30.5,4.48,-2.92,-2.22,0.779999999999998,-0.120000000000001,"Source",-3.57892191798569,-2.62440215533535,NA,NA,NA,NA
"60","Cascade","Sierra Nevada","8/1/22",37.98977,-119.30626,3140,10.54608,6.096,10.997184,13.85,71,7.34,4.6,7.23,1.05,240.83,136.84,0.53,"SNL-ZOOP-GFF70","Zooplankton",">350um",">350um",">350um",-19.6,-31.8,-30.9,-18.7,-24,5.4,-6.8,-5.9,6.3,1,"POM",-1.42052259090192,-2.64628496140358,0.923,0.065,0.077,0.065
"61","Cascade","Sierra Nevada","8/1/22",37.98977,-119.30626,3140,10.54608,6.096,10.997184,13.85,71,7.34,4.6,7.23,1.05,240.83,136.84,0.53,"SNL-ZOOP-13A","Zooplankton","Daphnia","Daphnia","cladocera",-21.7,-34.4,-31.3,-16.1,-26.8,4.36,-8.34,-5.24,9.96,-0.740000000000002,"POM",0.40028929521303,-1.54903746464101,0.718,0.146,0.282,0.146
"62","Cascade","Sierra Nevada","8/1/22",37.98977,-119.30626,3140,10.54608,6.096,10.997184,13.85,71,7.34,4.6,7.23,1.05,240.83,136.84,0.53,"SNL-ZOOP-13A","Zooplankton","Daphnia","Daphnia","cladocera",-21.7,-34.4,-31.3,-16.1,-26.8,4.36,-8.34,-5.24,9.96,-0.740000000000002,"POM",0.40028929521303,-1.54903746464101,0.718,0.146,0.282,0.146
"63","Cascade","Sierra Nevada","8/1/22",37.98977,-119.30626,3140,10.54608,6.096,10.997184,13.85,71,7.34,4.6,7.23,1.05,240.83,136.84,0.53,"SNL-ZOOP-13A","Zooplankton","Daphnia","Daphnia","cladocera",-21.7,-34.4,-31.3,-16.1,-26.8,4.36,-8.34,-5.24,9.96,-0.740000000000002,"POM",0.40028929521303,-1.54903746464101,0.718,0.146,0.282,0.146
"64","Cascade","Sierra Nevada","8/1/22",37.98977,-119.30626,3140,10.54608,6.096,10.997184,13.85,71,7.34,4.6,7.23,1.05,240.83,136.84,0.53,"SNL-ZOOP-GFF48","Zooplankton","Holopedium","Holopedium","cladocera",-23.2,-31.9,-30.6,-22.3,-30.4,4.48,-4.22,-2.92,5.38,-2.72,"POM",-2.43209646603528,-0.96351890065193,0.934,0.053,0.066,0.053
"65","Cascade","Sierra Nevada","8/1/22",37.98977,-119.30626,3140,10.54608,6.096,10.997184,13.85,71,7.34,4.6,7.23,1.05,240.83,136.84,0.53,"SNL-ZOOP-GFF48","Zooplankton","Holopedium","Holopedium","cladocera",-23.2,-31.9,-30.6,-22.3,-30.4,4.48,-4.22,-2.92,5.38,-2.72,"POM",-2.43209646603528,-0.96351890065193,0.934,0.053,0.066,0.053
"66","Cascade","Sierra Nevada","8/1/22",37.98977,-119.30626,3140,10.54608,6.096,10.997184,13.85,71,7.34,4.6,7.23,1.05,240.83,136.84,0.53,"SNL-ZOOP-14A","Zooplankton","Daphnia","Daphnia","cladocera",-22.4,-33.8,-32,-19.4,-26.5,4.42,-6.98,-5.18,7.42,0.32,"POM",-0.878480843117249,-2.27211279730355,0.887,0.086,0.113,0.086
"67","Cascade","Sierra Nevada","8/1/22",37.98977,-119.30626,3140,10.54608,6.096,10.997184,13.85,71,7.34,4.6,7.23,1.05,240.83,136.84,0.53,"SNL-ZOOP-GFF70","Zooplankton",">350um",">350um",">350um",-19.6,-31.8,-30.9,-18.7,-24,5.4,-6.8,-5.9,6.3,1,"POM",-1.42052259090192,-2.64628496140358,0.923,0.065,0.077,0.065
"68","Cascade","Sierra Nevada","8/1/22",37.98977,-119.30626,3140,10.54608,6.096,10.997184,13.85,71,7.34,4.6,7.23,1.05,240.83,136.84,0.53,"SNL-ZOOP-GFF70","Zooplankton",">350um",">350um",">350um",-19.6,-31.8,-30.9,-18.7,-24,5.4,-6.8,-5.9,6.3,1,"POM",-1.42052259090192,-2.64628496140358,0.923,0.065,0.077,0.065
"69","Cascade","Sierra Nevada","8/1/22",37.98977,-119.30626,3140,10.54608,6.096,10.997184,13.85,71,7.34,4.6,7.23,1.05,240.83,136.84,0.53,"SNL-ZOOP-GFF70","Zooplankton",">350um",">350um",">350um",-19.6,-31.8,-30.9,-18.7,-24,5.4,-6.8,-5.9,6.3,1,"POM",-1.42052259090192,-2.64628496140358,0.923,0.065,0.077,0.065
"70","Cascade","Sierra Nevada","8/1/22",37.98977,-119.30626,3140,10.54608,6.096,10.997184,13.85,71,7.34,4.6,7.23,1.05,240.83,136.84,0.53,"SNL-ZOOP-14A","Zooplankton","Daphnia","Daphnia","cladocera",-22.4,-33.8,-32,-19.4,-26.5,4.42,-6.98,-5.18,7.42,0.32,"POM",-0.878480843117249,-2.27211279730355,0.887,0.086,0.113,0.086
"71","Cascade","Sierra Nevada","8/1/22",37.98977,-119.30626,3140,10.54608,6.096,10.997184,13.85,71,7.34,4.6,7.23,1.05,240.83,136.84,0.53,"SNL-ZOOP-14A","Zooplankton","Daphnia","Daphnia","cladocera",-22.4,-33.8,-32,-19.4,-26.5,4.42,-6.98,-5.18,7.42,0.32,"POM",-0.878480843117249,-2.27211279730355,0.887,0.086,0.113,0.086
"72","Cascade","Sierra Nevada","8/1/22",37.98977,-119.30626,3140,10.54608,6.096,10.997184,13.85,71,7.34,4.6,7.23,1.05,240.83,136.84,0.53,"SNL-ZOOP-13A","Zooplankton","Daphnia","Daphnia","cladocera",-21.7,-34.4,-31.3,-16.1,-26.8,4.36,-8.34,-5.24,9.96,-0.740000000000002,"POM",0.40028929521303,-1.54903746464101,0.718,0.146,0.282,0.146
"73","Cascade","Sierra Nevada","8/1/22",37.98977,-119.30626,3140,10.54608,6.096,10.997184,13.85,71,7.34,4.6,7.23,1.05,240.83,136.84,0.53,"SNL-ZOOP-13A","Zooplankton","Daphnia","Daphnia","cladocera",-21.7,-34.4,-31.3,-16.1,-26.8,4.36,-8.34,-5.24,9.96,-0.740000000000002,"POM",0.40028929521303,-1.54903746464101,0.718,0.146,0.282,0.146
"74","Cascade","Sierra Nevada","8/1/22",37.98977,-119.30626,3140,10.54608,6.096,10.997184,13.85,71,7.34,4.6,7.23,1.05,240.83,136.84,0.53,"SNL-ZOOP-13A","Zooplankton","Daphnia","Daphnia","cladocera",-21.7,-34.4,-31.3,-16.1,-26.8,4.36,-8.34,-5.24,9.96,-0.740000000000002,"POM",0.40028929521303,-1.54903746464101,0.718,0.146,0.282,0.146
"75","Cascade","Sierra Nevada","8/1/22",37.98977,-119.30626,3140,10.54608,6.096,10.997184,13.85,71,7.34,4.6,7.23,1.05,240.83,136.84,0.53,"SNL-ZOOP-13A","Zooplankton","Daphnia","Daphnia","cladocera",-21.7,-34.4,-31.3,-16.1,-26.8,4.36,-8.34,-5.24,9.96,-0.740000000000002,"POM",0.40028929521303,-1.54903746464101,0.718,0.146,0.282,0.146
"76","Cascade","Sierra Nevada","8/1/22",37.98977,-119.30626,3140,10.54608,6.096,10.997184,13.85,71,7.34,4.6,7.23,1.05,240.83,136.84,0.53,"SNL-ZOOP-GFF48","Zooplankton","Holopedium","Holopedium","cladocera",-23.2,-31.9,-30.6,-22.3,-30.4,4.48,-4.22,-2.92,5.38,-2.72,"POM",-2.43209646603528,-0.96351890065193,0.934,0.053,0.066,0.053
"77","Cascade","Sierra Nevada","8/1/22",37.98977,-119.30626,3140,10.54608,6.096,10.997184,13.85,71,7.34,4.6,7.23,1.05,240.83,136.84,0.53,"SNL-ZOOP-GFF48","Zooplankton","Holopedium","Holopedium","cladocera",-23.2,-31.9,-30.6,-22.3,-30.4,4.48,-4.22,-2.92,5.38,-2.72,"POM",-2.43209646603528,-0.96351890065193,0.934,0.053,0.066,0.053
"78","Cascade","Sierra Nevada","8/1/22",37.98977,-119.30626,3140,10.54608,6.096,10.997184,13.85,71,7.34,4.6,7.23,1.05,240.83,136.84,0.53,"SNL-ZOOP-14A","Zooplankton","Daphnia","Daphnia","cladocera",-22.4,-33.8,-32,-19.4,-26.5,4.42,-6.98,-5.18,7.42,0.32,"POM",-0.878480843117249,-2.27211279730355,0.887,0.086,0.113,0.086
"79","Cascade","Sierra Nevada","8/1/22",37.98977,-119.30626,3140,10.54608,6.096,10.997184,13.85,71,7.34,4.6,7.23,1.05,240.83,136.84,0.53,"SNL-ZOOP-GFF70","Zooplankton",">350um",">350um",">350um",-19.6,-31.8,-30.9,-18.7,-24,5.4,-6.8,-5.9,6.3,1,"POM",-1.42052259090192,-2.64628496140358,0.923,0.065,0.077,0.065
"80","Cascade","Sierra Nevada","8/1/22",37.98977,-119.30626,3140,10.54608,6.096,10.997184,13.85,71,7.34,4.6,7.23,1.05,240.83,136.84,0.53,"SNL-ZOOP-GFF70","Zooplankton",">350um",">350um",">350um",-19.6,-31.8,-30.9,-18.7,-24,5.4,-6.8,-5.9,6.3,1,"POM",-1.42052259090192,-2.64628496140358,0.923,0.065,0.077,0.065
"81","Cascade","Sierra Nevada","8/1/22",37.98977,-119.30626,3140,10.54608,6.096,10.997184,13.85,71,7.34,4.6,7.23,1.05,240.83,136.84,0.53,"SNL-ZOOP-14A","Zooplankton","Daphnia","Daphnia","cladocera",-22.4,-33.8,-32,-19.4,-26.5,4.42,-6.98,-5.18,7.42,0.32,"POM",-0.878480843117249,-2.27211279730355,0.887,0.086,0.113,0.086
"82","Cascade","Sierra Nevada","8/1/22",37.98977,-119.30626,3140,10.54608,6.096,10.997184,13.85,71,7.34,4.6,7.23,1.05,240.83,136.84,0.53,"SNL-ZOOP-GFF70","Zooplankton",">350um",">350um",">350um",-19.6,-31.8,-30.9,-18.7,-24,5.4,-6.8,-5.9,6.3,1,"POM",-1.42052259090192,-2.64628496140358,0.923,0.065,0.077,0.065
"83","Cascade","Sierra Nevada","8/1/22",37.98977,-119.30626,3140,10.54608,6.096,10.997184,13.85,71,7.34,4.6,7.23,1.05,240.83,136.84,0.53,"SNL-ZOOP-GFF48","Zooplankton","Holopedium","Holopedium","cladocera",-23.2,-31.9,-30.6,-22.3,-30.4,4.48,-4.22,-2.92,5.38,-2.72,"POM",-2.43209646603528,-0.96351890065193,0.934,0.053,0.066,0.053
"84","Cascade","Sierra Nevada","8/1/22",37.98977,-119.30626,3140,10.54608,6.096,10.997184,13.85,71,7.34,4.6,7.23,1.05,240.83,136.84,0.53,"SNL-ZOOP-GFF48","Zooplankton","Holopedium","Holopedium","cladocera",-23.2,-31.9,-30.6,-22.3,-30.4,4.48,-4.22,-2.92,5.38,-2.72,"POM",-2.43209646603528,-0.96351890065193,0.934,0.053,0.066,0.053
"85","Cascade","Sierra Nevada","8/1/22",37.98977,-119.30626,3140,10.54608,6.096,10.997184,13.85,71,7.34,4.6,7.23,1.05,240.83,136.84,0.53,"SNL-ZOOP-GFF70","Zooplankton",">350um",">350um",">350um",-19.6,-31.8,-30.9,-18.7,-24,5.4,-6.8,-5.9,6.3,1,"POM",-1.42052259090192,-2.64628496140358,0.923,0.065,0.077,0.065
"86","Cascade","Sierra Nevada","8/1/22",37.98977,-119.30626,3140,10.54608,6.096,10.997184,13.85,71,7.34,4.6,7.23,1.05,240.83,136.84,0.53,"SNL-ZOOP-GFF70","Zooplankton",">350um",">350um",">350um",-19.6,-31.8,-30.9,-18.7,-24,5.4,-6.8,-5.9,6.3,1,"POM",-1.42052259090192,-2.64628496140358,0.923,0.065,0.077,0.065
"87","Cascade","Sierra Nevada","8/1/22",37.98977,-119.30626,3140,10.54608,6.096,10.997184,13.85,71,7.34,4.6,7.23,1.05,240.83,136.84,0.53,"SNL-ZOOP-14A","Zooplankton","Daphnia","Daphnia","cladocera",-22.4,-33.8,-32,-19.4,-26.5,4.42,-6.98,-5.18,7.42,0.32,"POM",-0.878480843117249,-2.27211279730355,0.887,0.086,0.113,0.086
"88","Cascade","Sierra Nevada","8/1/22",37.98977,-119.30626,3140,10.54608,6.096,10.997184,13.85,71,7.34,4.6,7.23,1.05,240.83,136.84,0.53,"SNL-ZOOP-GFF48","Zooplankton","Holopedium","Holopedium","cladocera",-23.2,-31.9,-30.6,-22.3,-30.4,4.48,-4.22,-2.92,5.38,-2.72,"POM",-2.43209646603528,-0.96351890065193,0.934,0.053,0.066,0.053
"89","Cascade","Sierra Nevada","8/1/22",37.98977,-119.30626,3140,10.54608,6.096,10.997184,13.85,71,7.34,4.6,7.23,1.05,240.83,136.84,0.53,"SNL-ZOOP-GFF48","Zooplankton","Holopedium","Holopedium","cladocera",-23.2,-31.9,-30.6,-22.3,-30.4,4.48,-4.22,-2.92,5.38,-2.72,"POM",-2.43209646603528,-0.96351890065193,0.934,0.053,0.066,0.053
"90","Cascade","Sierra Nevada","8/1/22",37.98977,-119.30626,3140,10.54608,6.096,10.997184,13.85,71,7.34,4.6,7.23,1.05,240.83,136.84,0.53,"SNL-ZOOP-GFF48","Zooplankton","Holopedium","Holopedium","cladocera",-23.2,-31.9,-30.6,-22.3,-30.4,4.48,-4.22,-2.92,5.38,-2.72,"POM",-2.43209646603528,-0.96351890065193,0.934,0.053,0.066,0.053
"91","Cascade","Sierra Nevada","8/1/22",37.98977,-119.30626,3140,10.54608,6.096,10.997184,13.85,71,7.34,4.6,7.23,1.05,240.83,136.84,0.53,"SNL-ZOOP-14A","Zooplankton","Daphnia","Daphnia","cladocera",-22.4,-33.8,-32,-19.4,-26.5,4.42,-6.98,-5.18,7.42,0.32,"POM",-0.878480843117249,-2.27211279730355,0.887,0.086,0.113,0.086
"92","Cascade","Sierra Nevada","8/1/22",37.98977,-119.30626,3140,10.54608,6.096,10.997184,13.85,71,7.34,4.6,7.23,1.05,240.83,136.84,0.53,"SNL-ZOOP-14A","Zooplankton","Daphnia","Daphnia","cladocera",-22.4,-33.8,-32,-19.4,-26.5,4.42,-6.98,-5.18,7.42,0.32,"POM",-0.878480843117249,-2.27211279730355,0.887,0.086,0.113,0.086
"93","EasternBrook","Sierra Nevada","8/2/22",37.431526,-118.74262,3155,5.66928,5.7912,4.99872,13.1,67.3,7.05,15.5,6.9,3.15,217.44,32.97,0.4,"SNL-ZOOP-15A","Zooplankton","Daphnia","Daphnia","cladocera",-22.7,-32.9,-29.6,-17.5,-24.9,2.82,-7.38,-4.08,8.02,0.620000000000001,"POM",0.379493248787145,-1.23702266803923,0.701,0.143,0.299,0.143
"94","EasternBrook","Sierra Nevada","8/2/22",37.431526,-118.74262,3155,5.66928,5.7912,4.99872,13.1,67.3,7.05,15.5,6.9,3.15,217.44,32.97,0.4,"SNL-ZOOP-15A","Zooplankton","Daphnia","Daphnia","cladocera",-22.7,-32.9,-29.6,-17.5,-24.9,2.82,-7.38,-4.08,8.02,0.620000000000001,"POM",0.379493248787145,-1.23702266803923,0.701,0.143,0.299,0.143
"95","EasternBrook","Sierra Nevada","8/2/22",37.431526,-118.74262,3155,5.66928,5.7912,4.99872,13.1,67.3,7.05,15.5,6.9,3.15,217.44,32.97,0.4,"SNL-POM-GFF75","POM","POM <63um","POM","POM",-28.6,-33.6,-32.5,-24.9,-31.1,1.54,-3.46,-2.36,5.24,-0.960000000000001,"Source",-2.44277525699481,-1.12216226520231,NA,NA,NA,NA
"96","EasternBrook","Sierra Nevada","8/2/22",37.431526,-118.74262,3155,5.66928,5.7912,4.99872,13.1,67.3,7.05,15.5,6.9,3.15,217.44,32.97,0.4,"SNL-ZOOP-15A","Zooplankton","Daphnia","Daphnia","cladocera",-22.7,-32.9,-29.6,-17.5,-24.9,2.82,-7.38,-4.08,8.02,0.620000000000001,"POM",0.379493248787145,-1.23702266803923,0.701,0.143,0.299,0.143
"97","EasternBrook","Sierra Nevada","8/2/22",37.431526,-118.74262,3155,5.66928,5.7912,4.99872,13.1,67.3,7.05,15.5,6.9,3.15,217.44,32.97,0.4,"SNL-ZOOP-16A","Zooplankton","calanoid_cyclopoid","calanoid_cyclopoid","copepoda",-23.1,-33.3,-33,-16.8,-25.7,3.28,-6.92,-6.62,9.58,0.68,"POM",-1.21761512417561,-2.19802496145203,0.901,0.077,0.099,0.077
"98","EasternBrook","Sierra Nevada","8/2/22",37.431526,-118.74262,3155,5.66928,5.7912,4.99872,13.1,67.3,7.05,15.5,6.9,3.15,217.44,32.97,0.4,"SNL-POM-GFF55","POM","POM <63um","POM","POM",-27.8,-34.1,-32.8,-25,-30.7,2.28,-4.02,-2.72,5.08,-0.620000000000001,"Source",-2.26384922529556,-1.55873309705852,NA,NA,NA,NA
"99","EasternBrook","Sierra Nevada","8/2/22",37.431526,-118.74262,3155,5.66928,5.7912,4.99872,13.1,67.3,7.05,15.5,6.9,3.15,217.44,32.97,0.4,"SNL-ZOOP-15A","Zooplankton","Daphnia","Daphnia","cladocera",-22.7,-32.9,-29.6,-17.5,-24.9,2.82,-7.38,-4.08,8.02,0.620000000000001,"POM",0.379493248787145,-1.23702266803923,0.701,0.143,0.299,0.143
"100","EasternBrook","Sierra Nevada","8/2/22",37.431526,-118.74262,3155,5.66928,5.7912,4.99872,13.1,67.3,7.05,15.5,6.9,3.15,217.44,32.97,0.4,"SNL-ZOOP-GFF53","Zooplankton",">350um",">350um",">350um",-24.3,-32.9,-32.9,-20.5,-26.5,3.12,-5.48,-5.48,6.92,0.919999999999998,"POM",-2.08904141970294,-2.34775348602931,0.939,0.052,0.061,0.052
"101","EasternBrook","Sierra Nevada","8/2/22",37.431526,-118.74262,3155,5.66928,5.7912,4.99872,13.1,67.3,7.05,15.5,6.9,3.15,217.44,32.97,0.4,"SNL-ZOOP-15A","Zooplankton","Daphnia","Daphnia","cladocera",-22.7,-32.9,-29.6,-17.5,-24.9,2.82,-7.38,-4.08,8.02,0.620000000000001,"POM",0.379493248787145,-1.23702266803923,0.701,0.143,0.299,0.143
"102","EasternBrook","Sierra Nevada","8/2/22",37.431526,-118.74262,3155,5.66928,5.7912,4.99872,13.1,67.3,7.05,15.5,6.9,3.15,217.44,32.97,0.4,"SNL-ZOOP-15A","Zooplankton","Daphnia","Daphnia","cladocera",-22.7,-32.9,-29.6,-17.5,-24.9,2.82,-7.38,-4.08,8.02,0.620000000000001,"POM",0.379493248787145,-1.23702266803923,0.701,0.143,0.299,0.143
"103","EasternBrook","Sierra Nevada","8/2/22",37.431526,-118.74262,3155,5.66928,5.7912,4.99872,13.1,67.3,7.05,15.5,6.9,3.15,217.44,32.97,0.4,"SNL-ZOOP-15A","Zooplankton","Daphnia","Daphnia","cladocera",-22.7,-32.9,-29.6,-17.5,-24.9,2.82,-7.38,-4.08,8.02,0.620000000000001,"POM",0.379493248787145,-1.23702266803923,0.701,0.143,0.299,0.143
"104","EasternBrook","Sierra Nevada","8/2/22",37.431526,-118.74262,3155,5.66928,5.7912,4.99872,13.1,67.3,7.05,15.5,6.9,3.15,217.44,32.97,0.4,"ALR-EASTBROOK-02AUG2022-EPISALMICDIATOMS-1","Algae","Epipsammic","Algae","Algae",-23.17,-27.51,-28.41,-18.08,-32.14,2.692,-1.648,-2.548,7.782,-6.278,"Source",-3.92238205350774,1.50030303546223,NA,NA,NA,NA
"105","EasternBrook","Sierra Nevada","8/2/22",37.431526,-118.74262,3155,5.66928,5.7912,4.99872,13.1,67.3,7.05,15.5,6.9,3.15,217.44,32.97,0.4,"ALR-EASTBROOK-02AUG2022-EPISALMICDIATOMS-2","Algae","Epipsammic","Algae","Algae",-23.78,-27.88,-27.43,-18.19,-30.48,1.772,-2.328,-1.878,7.362,-4.928,"Source",-2.84774642574359,1.54398100464067,NA,NA,NA,NA
"106","EasternBrook","Sierra Nevada","8/2/22",37.431526,-118.74262,3155,5.66928,5.7912,4.99872,13.1,67.3,7.05,15.5,6.9,3.15,217.44,32.97,0.4,"SNL-ZOOP-15A","Zooplankton","Daphnia","Daphnia","cladocera",-22.7,-32.9,-29.6,-17.5,-24.9,2.82,-7.38,-4.08,8.02,0.620000000000001,"POM",0.379493248787145,-1.23702266803923,0.701,0.143,0.299,0.143
"107","EasternBrook","Sierra Nevada","8/2/22",37.431526,-118.74262,3155,5.66928,5.7912,4.99872,13.1,67.3,7.05,15.5,6.9,3.15,217.44,32.97,0.4,"SNL-ZOOP-GFF53","Zooplankton",">350um",">350um",">350um",-24.3,-32.9,-32.9,-20.5,-26.5,3.12,-5.48,-5.48,6.92,0.919999999999998,"POM",-2.08904141970294,-2.34775348602931,0.939,0.052,0.061,0.052
"108","EasternBrook","Sierra Nevada","8/2/22",37.431526,-118.74262,3155,5.66928,5.7912,4.99872,13.1,67.3,7.05,15.5,6.9,3.15,217.44,32.97,0.4,"SNL-ZOOP-GFF53","Zooplankton",">350um",">350um",">350um",-24.3,-32.9,-32.9,-20.5,-26.5,3.12,-5.48,-5.48,6.92,0.919999999999998,"POM",-2.08904141970294,-2.34775348602931,0.939,0.052,0.061,0.052
"109","EasternBrook","Sierra Nevada","8/2/22",37.431526,-118.74262,3155,5.66928,5.7912,4.99872,13.1,67.3,7.05,15.5,6.9,3.15,217.44,32.97,0.4,"SNL-ZOOP-16A","Zooplankton","calanoid_cyclopoid","calanoid_cyclopoid","copepoda",-23.1,-33.3,-33,-16.8,-25.7,3.28,-6.92,-6.62,9.58,0.68,"POM",-1.21761512417561,-2.19802496145203,0.901,0.077,0.099,0.077
"110","EasternBrook","Sierra Nevada","8/2/22",37.431526,-118.74262,3155,5.66928,5.7912,4.99872,13.1,67.3,7.05,15.5,6.9,3.15,217.44,32.97,0.4,"SNL-ZOOP-GFF53","Zooplankton",">350um",">350um",">350um",-24.3,-32.9,-32.9,-20.5,-26.5,3.12,-5.48,-5.48,6.92,0.919999999999998,"POM",-2.08904141970294,-2.34775348602931,0.939,0.052,0.061,0.052
"111","EasternBrook","Sierra Nevada","8/2/22",37.431526,-118.74262,3155,5.66928,5.7912,4.99872,13.1,67.3,7.05,15.5,6.9,3.15,217.44,32.97,0.4,"SNL-ZOOP-GFF53","Zooplankton",">350um",">350um",">350um",-24.3,-32.9,-32.9,-20.5,-26.5,3.12,-5.48,-5.48,6.92,0.919999999999998,"POM",-2.08904141970294,-2.34775348602931,0.939,0.052,0.061,0.052
"112","EasternBrook","Sierra Nevada","8/2/22",37.431526,-118.74262,3155,5.66928,5.7912,4.99872,13.1,67.3,7.05,15.5,6.9,3.15,217.44,32.97,0.4,"SNL-ZOOP-GFF53","Zooplankton",">350um",">350um",">350um",-24.3,-32.9,-32.9,-20.5,-26.5,3.12,-5.48,-5.48,6.92,0.919999999999998,"POM",-2.08904141970294,-2.34775348602931,0.939,0.052,0.061,0.052
"113","EasternBrook","Sierra Nevada","8/2/22",37.431526,-118.74262,3155,5.66928,5.7912,4.99872,13.1,67.3,7.05,15.5,6.9,3.15,217.44,32.97,0.4,"SNL-ZOOP-GFF53","Zooplankton",">350um",">350um",">350um",-24.3,-32.9,-32.9,-20.5,-26.5,3.12,-5.48,-5.48,6.92,0.919999999999998,"POM",-2.08904141970294,-2.34775348602931,0.939,0.052,0.061,0.052
"114","EasternBrook","Sierra Nevada","8/2/22",37.431526,-118.74262,3155,5.66928,5.7912,4.99872,13.1,67.3,7.05,15.5,6.9,3.15,217.44,32.97,0.4,"SNL-ZOOP-GFF53","Zooplankton",">350um",">350um",">350um",-24.3,-32.9,-32.9,-20.5,-26.5,3.12,-5.48,-5.48,6.92,0.919999999999998,"POM",-2.08904141970294,-2.34775348602931,0.939,0.052,0.061,0.052
"115","EasternBrook","Sierra Nevada","8/2/22",37.431526,-118.74262,3155,5.66928,5.7912,4.99872,13.1,67.3,7.05,15.5,6.9,3.15,217.44,32.97,0.4,"SNL-ZOOP-15A","Zooplankton","Daphnia","Daphnia","cladocera",-22.7,-32.9,-29.6,-17.5,-24.9,2.82,-7.38,-4.08,8.02,0.620000000000001,"POM",0.379493248787145,-1.23702266803923,0.701,0.143,0.299,0.143
"116","EasternBrook","Sierra Nevada","8/2/22",37.431526,-118.74262,3155,5.66928,5.7912,4.99872,13.1,67.3,7.05,15.5,6.9,3.15,217.44,32.97,0.4,"SNL-ZOOP-GFF53","Zooplankton",">350um",">350um",">350um",-24.3,-32.9,-32.9,-20.5,-26.5,3.12,-5.48,-5.48,6.92,0.919999999999998,"POM",-2.08904141970294,-2.34775348602931,0.939,0.052,0.061,0.052
"117","EasternBrook","Sierra Nevada","8/2/22",37.431526,-118.74262,3155,5.66928,5.7912,4.99872,13.1,67.3,7.05,15.5,6.9,3.15,217.44,32.97,0.4,"SNL-ZOOP-16A","Zooplankton","calanoid_cyclopoid","calanoid_cyclopoid","copepoda",-23.1,-33.3,-33,-16.8,-25.7,3.28,-6.92,-6.62,9.58,0.68,"POM",-1.21761512417561,-2.19802496145203,0.901,0.077,0.099,0.077
"118","EasternBrook","Sierra Nevada","8/2/22",37.431526,-118.74262,3155,5.66928,5.7912,4.99872,13.1,67.3,7.05,15.5,6.9,3.15,217.44,32.97,0.4,"SNL-ZOOP-17A","Zooplankton","calanoid_cyclopoid","calanoid_cyclopoid","copepoda",-23.3,-34.2,-31.1,-18.4,-27.6,3.62,-7.28,-4.18,8.52,-0.68,"POM",-0.014907127054003,-1.35685871410433,0.763,0.134,0.237,0.134
"119","EasternBrook","Sierra Nevada","8/2/22",37.431526,-118.74262,3155,5.66928,5.7912,4.99872,13.1,67.3,7.05,15.5,6.9,3.15,217.44,32.97,0.4,"SNL-ZOOP-16A","Zooplankton","calanoid_cyclopoid","calanoid_cyclopoid","copepoda",-23.1,-33.3,-33,-16.8,-25.7,3.28,-6.92,-6.62,9.58,0.68,"POM",-1.21761512417561,-2.19802496145203,0.901,0.077,0.099,0.077
"120","EasternBrook","Sierra Nevada","8/2/22",37.431526,-118.74262,3155,5.66928,5.7912,4.99872,13.1,67.3,7.05,15.5,6.9,3.15,217.44,32.97,0.4,"SNL-ZOOP-17A","Zooplankton","calanoid_cyclopoid","calanoid_cyclopoid","copepoda",-23.3,-34.2,-31.1,-18.4,-27.6,3.62,-7.28,-4.18,8.52,-0.68,"POM",-0.014907127054003,-1.35685871410433,0.763,0.134,0.237,0.134
"121","EasternBrook","Sierra Nevada","8/2/22",37.431526,-118.74262,3155,5.66928,5.7912,4.99872,13.1,67.3,7.05,15.5,6.9,3.15,217.44,32.97,0.4,"SNL-ZOOP-17A","Zooplankton","calanoid_cyclopoid","calanoid_cyclopoid","copepoda",-23.3,-34.2,-31.1,-18.4,-27.6,3.62,-7.28,-4.18,8.52,-0.68,"POM",-0.014907127054003,-1.35685871410433,0.763,0.134,0.237,0.134
"122","EasternBrook","Sierra Nevada","8/2/22",37.431526,-118.74262,3155,5.66928,5.7912,4.99872,13.1,67.3,7.05,15.5,6.9,3.15,217.44,32.97,0.4,"SNL-ZOOP-16A","Zooplankton","calanoid_cyclopoid","calanoid_cyclopoid","copepoda",-23.1,-33.3,-33,-16.8,-25.7,3.28,-6.92,-6.62,9.58,0.68,"POM",-1.21761512417561,-2.19802496145203,0.901,0.077,0.099,0.077
"123","EasternBrook","Sierra Nevada","8/2/22",37.431526,-118.74262,3155,5.66928,5.7912,4.99872,13.1,67.3,7.05,15.5,6.9,3.15,217.44,32.97,0.4,"SNL-ZOOP-17A","Zooplankton","calanoid_cyclopoid","calanoid_cyclopoid","copepoda",-23.3,-34.2,-31.1,-18.4,-27.6,3.62,-7.28,-4.18,8.52,-0.68,"POM",-0.014907127054003,-1.35685871410433,0.763,0.134,0.237,0.134
"124","EasternBrook","Sierra Nevada","8/2/22",37.431526,-118.74262,3155,5.66928,5.7912,4.99872,13.1,67.3,7.05,15.5,6.9,3.15,217.44,32.97,0.4,"SNL-ZOOP-17A","Zooplankton","calanoid_cyclopoid","calanoid_cyclopoid","copepoda",-23.3,-34.2,-31.1,-18.4,-27.6,3.62,-7.28,-4.18,8.52,-0.68,"POM",-0.014907127054003,-1.35685871410433,0.763,0.134,0.237,0.134
"125","EasternBrook","Sierra Nevada","8/2/22",37.431526,-118.74262,3155,5.66928,5.7912,4.99872,13.1,67.3,7.05,15.5,6.9,3.15,217.44,32.97,0.4,"SNL-ZOOP-16A","Zooplankton","calanoid_cyclopoid","calanoid_cyclopoid","copepoda",-23.1,-33.3,-33,-16.8,-25.7,3.28,-6.92,-6.62,9.58,0.68,"POM",-1.21761512417561,-2.19802496145203,0.901,0.077,0.099,0.077
"126","EasternBrook","Sierra Nevada","8/2/22",37.431526,-118.74262,3155,5.66928,5.7912,4.99872,13.1,67.3,7.05,15.5,6.9,3.15,217.44,32.97,0.4,"SNL-ZOOP-16A","Zooplankton","calanoid_cyclopoid","calanoid_cyclopoid","copepoda",-23.1,-33.3,-33,-16.8,-25.7,3.28,-6.92,-6.62,9.58,0.68,"POM",-1.21761512417561,-2.19802496145203,0.901,0.077,0.099,0.077
"127","EasternBrook","Sierra Nevada","8/2/22",37.431526,-118.74262,3155,5.66928,5.7912,4.99872,13.1,67.3,7.05,15.5,6.9,3.15,217.44,32.97,0.4,"SNL-ZOOP-16A","Zooplankton","calanoid_cyclopoid","calanoid_cyclopoid","copepoda",-23.1,-33.3,-33,-16.8,-25.7,3.28,-6.92,-6.62,9.58,0.68,"POM",-1.21761512417561,-2.19802496145203,0.901,0.077,0.099,0.077
"128","EasternBrook","Sierra Nevada","8/2/22",37.431526,-118.74262,3155,5.66928,5.7912,4.99872,13.1,67.3,7.05,15.5,6.9,3.15,217.44,32.97,0.4,"SNL-ZOOP-16A","Zooplankton","calanoid_cyclopoid","calanoid_cyclopoid","copepoda",-23.1,-33.3,-33,-16.8,-25.7,3.28,-6.92,-6.62,9.58,0.68,"POM",-1.21761512417561,-2.19802496145203,0.901,0.077,0.099,0.077
"129","EasternBrook","Sierra Nevada","8/2/22",37.431526,-118.74262,3155,5.66928,5.7912,4.99872,13.1,67.3,7.05,15.5,6.9,3.15,217.44,32.97,0.4,"SNL-ZOOP-17A","Zooplankton","calanoid_cyclopoid","calanoid_cyclopoid","copepoda",-23.3,-34.2,-31.1,-18.4,-27.6,3.62,-7.28,-4.18,8.52,-0.68,"POM",-0.014907127054003,-1.35685871410433,0.763,0.134,0.237,0.134
"130","EasternBrook","Sierra Nevada","8/2/22",37.431526,-118.74262,3155,5.66928,5.7912,4.99872,13.1,67.3,7.05,15.5,6.9,3.15,217.44,32.97,0.4,"SNL-ZOOP-17A","Zooplankton","calanoid_cyclopoid","calanoid_cyclopoid","copepoda",-23.3,-34.2,-31.1,-18.4,-27.6,3.62,-7.28,-4.18,8.52,-0.68,"POM",-0.014907127054003,-1.35685871410433,0.763,0.134,0.237,0.134
"131","EasternBrook","Sierra Nevada","8/2/22",37.431526,-118.74262,3155,5.66928,5.7912,4.99872,13.1,67.3,7.05,15.5,6.9,3.15,217.44,32.97,0.4,"SNL-ZOOP-17A","Zooplankton","calanoid_cyclopoid","calanoid_cyclopoid","copepoda",-23.3,-34.2,-31.1,-18.4,-27.6,3.62,-7.28,-4.18,8.52,-0.68,"POM",-0.014907127054003,-1.35685871410433,0.763,0.134,0.237,0.134
"132","EasternBrook","Sierra Nevada","8/2/22",37.431526,-118.74262,3155,5.66928,5.7912,4.99872,13.1,67.3,7.05,15.5,6.9,3.15,217.44,32.97,0.4,"SNL-ZOOP-17A","Zooplankton","calanoid_cyclopoid","calanoid_cyclopoid","copepoda",-23.3,-34.2,-31.1,-18.4,-27.6,3.62,-7.28,-4.18,8.52,-0.68,"POM",-0.014907127054003,-1.35685871410433,0.763,0.134,0.237,0.134
"133","Granite2","Sierra Nevada","8/8/22",37.92645,-119.27843,3178,12.954,10.9728,10.0584,15.74,43.07,7.25,9.29,8.97,0.7,277.54,9.91,1.01,"SNL-ZOOP-18A","Zooplankton","calanoid","calanoid","copepoda",-20,-30,-27.5,-13.4,-24,2.98,-7.02,-4.52,9.58,-1.02,"POM",0.0891390132340317,-0.131522987491091,0.706,0.138,0.294,0.138
"134","Granite2","Sierra Nevada","8/8/22",37.92645,-119.27843,3178,12.954,10.9728,10.0584,15.74,43.07,7.25,9.29,8.97,0.7,277.54,9.91,1.01,"SNL-POM-GFF62","POM","POM <63um","POM","POM",-19.8,-27.6,-26.2,-18.1,-25,3.54,-4.26,-2.86,5.24,-1.66,"Source",-1.83399724787578,-0.00626531647315492,NA,NA,NA,NA
"135","Granite2","Sierra Nevada","8/8/22",37.92645,-119.27843,3178,12.954,10.9728,10.0584,15.74,43.07,7.25,9.29,8.97,0.7,277.54,9.91,1.01,"SNL-ZOOP-18A","Zooplankton","calanoid","calanoid","copepoda",-20,-30,-27.5,-13.4,-24,2.98,-7.02,-4.52,9.58,-1.02,"POM",0.0891390132340317,-0.131522987491091,0.706,0.138,0.294,0.138
"136","Granite2","Sierra Nevada","8/8/22",37.92645,-119.27843,3178,12.954,10.9728,10.0584,15.74,43.07,7.25,9.29,8.97,0.7,277.54,9.91,1.01,"SNL-ZOOP-18A","Zooplankton","calanoid","calanoid","copepoda",-20,-30,-27.5,-13.4,-24,2.98,-7.02,-4.52,9.58,-1.02,"POM",0.0891390132340317,-0.131522987491091,0.706,0.138,0.294,0.138
"137","Granite2","Sierra Nevada","8/8/22",37.92645,-119.27843,3178,12.954,10.9728,10.0584,15.74,43.07,7.25,9.29,8.97,0.7,277.54,9.91,1.01,"SNL-ZOOP-18A","Zooplankton","calanoid","calanoid","copepoda",-20,-30,-27.5,-13.4,-24,2.98,-7.02,-4.52,9.58,-1.02,"POM",0.0891390132340317,-0.131522987491091,0.706,0.138,0.294,0.138
"138","Granite2","Sierra Nevada","8/8/22",37.92645,-119.27843,3178,12.954,10.9728,10.0584,15.74,43.07,7.25,9.29,8.97,0.7,277.54,9.91,1.01,"SNL-ZOOP-18A","Zooplankton","calanoid","calanoid","copepoda",-20,-30,-27.5,-13.4,-24,2.98,-7.02,-4.52,9.58,-1.02,"POM",0.0891390132340317,-0.131522987491091,0.706,0.138,0.294,0.138
"139","Granite2","Sierra Nevada","8/8/22",37.92645,-119.27843,3178,12.954,10.9728,10.0584,15.74,43.07,7.25,9.29,8.97,0.7,277.54,9.91,1.01,"SNL-ZOOP-18A","Zooplankton","calanoid","calanoid","copepoda",-20,-30,-27.5,-13.4,-24,2.98,-7.02,-4.52,9.58,-1.02,"POM",0.0891390132340317,-0.131522987491091,0.706,0.138,0.294,0.138
"140","Granite2","Sierra Nevada","8/8/22",37.92645,-119.27843,3178,12.954,10.9728,10.0584,15.74,43.07,7.25,9.29,8.97,0.7,277.54,9.91,1.01,"SNL-ZOOP-18A","Zooplankton","calanoid","calanoid","copepoda",-20,-30,-27.5,-13.4,-24,2.98,-7.02,-4.52,9.58,-1.02,"POM",0.0891390132340317,-0.131522987491091,0.706,0.138,0.294,0.138
"141","Granite2","Sierra Nevada","8/8/22",37.92645,-119.27843,3178,12.954,10.9728,10.0584,15.74,43.07,7.25,9.29,8.97,0.7,277.54,9.91,1.01,"SNL-ZOOP-19A","Zooplankton","Daphnia","Daphnia","cladocera",-19,-27.7,-26,-12.8,-23,2.7,-6,-4.3,8.9,-1.3,"Algae",-0.552787048294089,0.367111304766032,0.801,0.121,0.199,0.121
"142","Granite2","Sierra Nevada","8/8/22",37.92645,-119.27843,3178,12.954,10.9728,10.0584,15.74,43.07,7.25,9.29,8.97,0.7,277.54,9.91,1.01,"SNL-ZOOP-18A","Zooplankton","calanoid","calanoid","copepoda",-20,-30,-27.5,-13.4,-24,2.98,-7.02,-4.52,9.58,-1.02,"POM",0.0891390132340317,-0.131522987491091,0.706,0.138,0.294,0.138
"143","Granite2","Sierra Nevada","8/8/22",37.92645,-119.27843,3178,12.954,10.9728,10.0584,15.74,43.07,7.25,9.29,8.97,0.7,277.54,9.91,1.01,"SNL-ZOOP-18A","Zooplankton","calanoid","calanoid","copepoda",-20,-30,-27.5,-13.4,-24,2.98,-7.02,-4.52,9.58,-1.02,"POM",0.0891390132340317,-0.131522987491091,0.706,0.138,0.294,0.138
"144","Granite2","Sierra Nevada","8/8/22",37.92645,-119.27843,3178,12.954,10.9728,10.0584,15.74,43.07,7.25,9.29,8.97,0.7,277.54,9.91,1.01,"SNL-ZOOP-GFF67","Zooplankton",">350um",">350um",">350um",-18.2,-26,-25.9,-14.4,-21.9,3.08,-4.72,-4.62,6.88,-0.619999999999997,"Algae",-1.88290816764861,-0.110649093053534,0.912,0.069,0.088,0.069
"145","Granite2","Sierra Nevada","8/8/22",37.92645,-119.27843,3178,12.954,10.9728,10.0584,15.74,43.07,7.25,9.29,8.97,0.7,277.54,9.91,1.01,"SNL-ZOOP-GFF67","Zooplankton",">350um",">350um",">350um",-18.2,-26,-25.9,-14.4,-21.9,3.08,-4.72,-4.62,6.88,-0.619999999999997,"Algae",-1.88290816764861,-0.110649093053534,0.912,0.069,0.088,0.069
"146","Granite2","Sierra Nevada","8/8/22",37.92645,-119.27843,3178,12.954,10.9728,10.0584,15.74,43.07,7.25,9.29,8.97,0.7,277.54,9.91,1.01,"SNL-ZOOP-GFF67","Zooplankton",">350um",">350um",">350um",-18.2,-26,-25.9,-14.4,-21.9,3.08,-4.72,-4.62,6.88,-0.619999999999997,"Algae",-1.88290816764861,-0.110649093053534,0.912,0.069,0.088,0.069
"147","Granite2","Sierra Nevada","8/8/22",37.92645,-119.27843,3178,12.954,10.9728,10.0584,15.74,43.07,7.25,9.29,8.97,0.7,277.54,9.91,1.01,"SNL-ZOOP-GFF67","Zooplankton",">350um",">350um",">350um",-18.2,-26,-25.9,-14.4,-21.9,3.08,-4.72,-4.62,6.88,-0.619999999999997,"Algae",-1.88290816764861,-0.110649093053534,0.912,0.069,0.088,0.069
"148","Granite2","Sierra Nevada","8/8/22",37.92645,-119.27843,3178,12.954,10.9728,10.0584,15.74,43.07,7.25,9.29,8.97,0.7,277.54,9.91,1.01,"SNL-ZOOP-GFF67","Zooplankton",">350um",">350um",">350um",-18.2,-26,-25.9,-14.4,-21.9,3.08,-4.72,-4.62,6.88,-0.619999999999997,"Algae",-1.88290816764861,-0.110649093053534,0.912,0.069,0.088,0.069
"149","Granite2","Sierra Nevada","8/8/22",37.92645,-119.27843,3178,12.954,10.9728,10.0584,15.74,43.07,7.25,9.29,8.97,0.7,277.54,9.91,1.01,"SNL-ZOOP-GFF67","Zooplankton",">350um",">350um",">350um",-18.2,-26,-25.9,-14.4,-21.9,3.08,-4.72,-4.62,6.88,-0.619999999999997,"Algae",-1.88290816764861,-0.110649093053534,0.912,0.069,0.088,0.069
"150","Granite2","Sierra Nevada","8/8/22",37.92645,-119.27843,3178,12.954,10.9728,10.0584,15.74,43.07,7.25,9.29,8.97,0.7,277.54,9.91,1.01,"SNL-ZOOP-GFF67","Zooplankton",">350um",">350um",">350um",-18.2,-26,-25.9,-14.4,-21.9,3.08,-4.72,-4.62,6.88,-0.619999999999997,"Algae",-1.88290816764861,-0.110649093053534,0.912,0.069,0.088,0.069
"151","Granite2","Sierra Nevada","8/8/22",37.92645,-119.27843,3178,12.954,10.9728,10.0584,15.74,43.07,7.25,9.29,8.97,0.7,277.54,9.91,1.01,"SNL-ZOOP-GFF67","Zooplankton",">350um",">350um",">350um",-18.2,-26,-25.9,-14.4,-21.9,3.08,-4.72,-4.62,6.88,-0.619999999999997,"Algae",-1.88290816764861,-0.110649093053534,0.912,0.069,0.088,0.069
"152","Granite2","Sierra Nevada","8/8/22",37.92645,-119.27843,3178,12.954,10.9728,10.0584,15.74,43.07,7.25,9.29,8.97,0.7,277.54,9.91,1.01,"SNL-ZOOP-19A","Zooplankton","Daphnia","Daphnia","cladocera",-19,-27.7,-26,-12.8,-23,2.7,-6,-4.3,8.9,-1.3,"Algae",-0.552787048294089,0.367111304766032,0.801,0.121,0.199,0.121
"153","Granite2","Sierra Nevada","8/8/22",37.92645,-119.27843,3178,12.954,10.9728,10.0584,15.74,43.07,7.25,9.29,8.97,0.7,277.54,9.91,1.01,"SNL-ZOOP-19A","Zooplankton","Daphnia","Daphnia","cladocera",-19,-27.7,-26,-12.8,-23,2.7,-6,-4.3,8.9,-1.3,"Algae",-0.552787048294089,0.367111304766032,0.801,0.121,0.199,0.121
"154","Granite2","Sierra Nevada","8/8/22",37.92645,-119.27843,3178,12.954,10.9728,10.0584,15.74,43.07,7.25,9.29,8.97,0.7,277.54,9.91,1.01,"SNL-ZOOP-19A","Zooplankton","Daphnia","Daphnia","cladocera",-19,-27.7,-26,-12.8,-23,2.7,-6,-4.3,8.9,-1.3,"Algae",-0.552787048294089,0.367111304766032,0.801,0.121,0.199,0.121
"155","Granite2","Sierra Nevada","8/8/22",37.92645,-119.27843,3178,12.954,10.9728,10.0584,15.74,43.07,7.25,9.29,8.97,0.7,277.54,9.91,1.01,"SNL-ZOOP-19A","Zooplankton","Daphnia","Daphnia","cladocera",-19,-27.7,-26,-12.8,-23,2.7,-6,-4.3,8.9,-1.3,"Algae",-0.552787048294089,0.367111304766032,0.801,0.121,0.199,0.121
"156","Granite2","Sierra Nevada","8/8/22",37.92645,-119.27843,3178,12.954,10.9728,10.0584,15.74,43.07,7.25,9.29,8.97,0.7,277.54,9.91,1.01,"SNL-ZOOP-GFF67","Zooplankton",">350um",">350um",">350um",-18.2,-26,-25.9,-14.4,-21.9,3.08,-4.72,-4.62,6.88,-0.619999999999997,"Algae",-1.88290816764861,-0.110649093053534,0.912,0.069,0.088,0.069
"157","Granite2","Sierra Nevada","8/8/22",37.92645,-119.27843,3178,12.954,10.9728,10.0584,15.74,43.07,7.25,9.29,8.97,0.7,277.54,9.91,1.01,"SNL-ZOOP-19A","Zooplankton","Daphnia","Daphnia","cladocera",-19,-27.7,-26,-12.8,-23,2.7,-6,-4.3,8.9,-1.3,"Algae",-0.552787048294089,0.367111304766032,0.801,0.121,0.199,0.121
"158","Granite2","Sierra Nevada","8/8/22",37.92645,-119.27843,3178,12.954,10.9728,10.0584,15.74,43.07,7.25,9.29,8.97,0.7,277.54,9.91,1.01,"SNL-ZOOP-19A","Zooplankton","Daphnia","Daphnia","cladocera",-19,-27.7,-26,-12.8,-23,2.7,-6,-4.3,8.9,-1.3,"Algae",-0.552787048294089,0.367111304766032,0.801,0.121,0.199,0.121
"159","Granite2","Sierra Nevada","8/8/22",37.92645,-119.27843,3178,12.954,10.9728,10.0584,15.74,43.07,7.25,9.29,8.97,0.7,277.54,9.91,1.01,"SNL-ZOOP-19A","Zooplankton","Daphnia","Daphnia","cladocera",-19,-27.7,-26,-12.8,-23,2.7,-6,-4.3,8.9,-1.3,"Algae",-0.552787048294089,0.367111304766032,0.801,0.121,0.199,0.121
"160","Granite2","Sierra Nevada","8/8/22",37.92645,-119.27843,3178,12.954,10.9728,10.0584,15.74,43.07,7.25,9.29,8.97,0.7,277.54,9.91,1.01,"SNL-ZOOP-20A","Zooplankton","Ceriodaphnia","Ceriodaphnia","cladocera",-17.1,-24.9,-24.5,-9.1,-19.1,1.84,-5.96,-5.56,9.84,-0.16,"Algae",-0.699067993896762,0.60545000328492,0.824,0.113,0.176,0.113
"161","Granite2","Sierra Nevada","8/8/22",37.92645,-119.27843,3178,12.954,10.9728,10.0584,15.74,43.07,7.25,9.29,8.97,0.7,277.54,9.91,1.01,"SNL-ZOOP-20A","Zooplankton","Ceriodaphnia","Ceriodaphnia","cladocera",-17.1,-24.9,-24.5,-9.1,-19.1,1.84,-5.96,-5.56,9.84,-0.16,"Algae",-0.699067993896762,0.60545000328492,0.824,0.113,0.176,0.113
"162","Granite2","Sierra Nevada","8/8/22",37.92645,-119.27843,3178,12.954,10.9728,10.0584,15.74,43.07,7.25,9.29,8.97,0.7,277.54,9.91,1.01,"SNL-ZOOP-20A","Zooplankton","Ceriodaphnia","Ceriodaphnia","cladocera",-17.1,-24.9,-24.5,-9.1,-19.1,1.84,-5.96,-5.56,9.84,-0.16,"Algae",-0.699067993896762,0.60545000328492,0.824,0.113,0.176,0.113
"163","Granite2","Sierra Nevada","8/8/22",37.92645,-119.27843,3178,12.954,10.9728,10.0584,15.74,43.07,7.25,9.29,8.97,0.7,277.54,9.91,1.01,"SNL-ZOOP-20A","Zooplankton","Ceriodaphnia","Ceriodaphnia","cladocera",-17.1,-24.9,-24.5,-9.1,-19.1,1.84,-5.96,-5.56,9.84,-0.16,"Algae",-0.699067993896762,0.60545000328492,0.824,0.113,0.176,0.113
"164","Granite2","Sierra Nevada","8/8/22",37.92645,-119.27843,3178,12.954,10.9728,10.0584,15.74,43.07,7.25,9.29,8.97,0.7,277.54,9.91,1.01,"SNL-ZOOP-20A","Zooplankton","Ceriodaphnia","Ceriodaphnia","cladocera",-17.1,-24.9,-24.5,-9.1,-19.1,1.84,-5.96,-5.56,9.84,-0.16,"Algae",-0.699067993896762,0.60545000328492,0.824,0.113,0.176,0.113
"165","Granite2","Sierra Nevada","8/8/22",37.92645,-119.27843,3178,12.954,10.9728,10.0584,15.74,43.07,7.25,9.29,8.97,0.7,277.54,9.91,1.01,"SNL-ZOOP-20A","Zooplankton","Ceriodaphnia","Ceriodaphnia","cladocera",-17.1,-24.9,-24.5,-9.1,-19.1,1.84,-5.96,-5.56,9.84,-0.16,"Algae",-0.699067993896762,0.60545000328492,0.824,0.113,0.176,0.113
"166","Granite2","Sierra Nevada","8/8/22",37.92645,-119.27843,3178,12.954,10.9728,10.0584,15.74,43.07,7.25,9.29,8.97,0.7,277.54,9.91,1.01,"SNL-ZOOP-20A","Zooplankton","Ceriodaphnia","Ceriodaphnia","cladocera",-17.1,-24.9,-24.5,-9.1,-19.1,1.84,-5.96,-5.56,9.84,-0.16,"Algae",-0.699067993896762,0.60545000328492,0.824,0.113,0.176,0.113
"167","Granite2","Sierra Nevada","8/8/22",37.92645,-119.27843,3178,12.954,10.9728,10.0584,15.74,43.07,7.25,9.29,8.97,0.7,277.54,9.91,1.01,"SNL-ZOOP-20A","Zooplankton","Ceriodaphnia","Ceriodaphnia","cladocera",-17.1,-24.9,-24.5,-9.1,-19.1,1.84,-5.96,-5.56,9.84,-0.16,"Algae",-0.699067993896762,0.60545000328492,0.824,0.113,0.176,0.113
"168","Granite2","Sierra Nevada","8/8/22",37.92645,-119.27843,3178,12.954,10.9728,10.0584,15.74,43.07,7.25,9.29,8.97,0.7,277.54,9.91,1.01,"SNL-ZOOP-20A","Zooplankton","Ceriodaphnia","Ceriodaphnia","cladocera",-17.1,-24.9,-24.5,-9.1,-19.1,1.84,-5.96,-5.56,9.84,-0.16,"Algae",-0.699067993896762,0.60545000328492,0.824,0.113,0.176,0.113
"169","Granite2","Sierra Nevada","8/8/22",37.92645,-119.27843,3178,12.954,10.9728,10.0584,15.74,43.07,7.25,9.29,8.97,0.7,277.54,9.91,1.01,"SNL-ZOOP-19A","Zooplankton","Daphnia","Daphnia","cladocera",-19,-27.7,-26,-12.8,-23,2.7,-6,-4.3,8.9,-1.3,"Algae",-0.552787048294089,0.367111304766032,0.801,0.121,0.199,0.121
"170","Greenstone","Sierra Nevada","8/1/22",37.97965,-119.29034,3091,5.85216,5.85216,3.998976,15.11,71.9,7.23,8.1,7.73,5.35,110.82,33.44,1.695,"SNL-ZOOP-GFF66","Zooplankton",">350um",">350um",">350um",-18.1,-28.1,-29.1,-13.2,-19.6,3.52,-6.48,-7.48,8.42,2.02,"POM",-1.65569356255209,-1.91909730579958,0.919,0.065,0.081,0.065
"171","Greenstone","Sierra Nevada","8/1/22",37.97965,-119.29034,3091,5.85216,5.85216,3.998976,15.11,71.9,7.23,8.1,7.73,5.35,110.82,33.44,1.695,"SNL-ZOOP-GFF66","Zooplankton",">350um",">350um",">350um",-18.1,-28.1,-29.1,-13.2,-19.6,3.52,-6.48,-7.48,8.42,2.02,"POM",-1.65569356255209,-1.91909730579958,0.919,0.065,0.081,0.065
"172","Greenstone","Sierra Nevada","8/1/22",37.97965,-119.29034,3091,5.85216,5.85216,3.998976,15.11,71.9,7.23,8.1,7.73,5.35,110.82,33.44,1.695,"SNL-ZOOP-GFF66","Zooplankton",">350um",">350um",">350um",-18.1,-28.1,-29.1,-13.2,-19.6,3.52,-6.48,-7.48,8.42,2.02,"POM",-1.65569356255209,-1.91909730579958,0.919,0.065,0.081,0.065
"173","Greenstone","Sierra Nevada","8/1/22",37.97965,-119.29034,3091,5.85216,5.85216,3.998976,15.11,71.9,7.23,8.1,7.73,5.35,110.82,33.44,1.695,"SNL-ZOOP-GFF66","Zooplankton",">350um",">350um",">350um",-18.1,-28.1,-29.1,-13.2,-19.6,3.52,-6.48,-7.48,8.42,2.02,"POM",-1.65569356255209,-1.91909730579958,0.919,0.065,0.081,0.065
"174","Greenstone","Sierra Nevada","8/1/22",37.97965,-119.29034,3091,5.85216,5.85216,3.998976,15.11,71.9,7.23,8.1,7.73,5.35,110.82,33.44,1.695,"SNL-ZOOP-GFF66","Zooplankton",">350um",">350um",">350um",-18.1,-28.1,-29.1,-13.2,-19.6,3.52,-6.48,-7.48,8.42,2.02,"POM",-1.65569356255209,-1.91909730579958,0.919,0.065,0.081,0.065
"175","Greenstone","Sierra Nevada","8/1/22",37.97965,-119.29034,3091,5.85216,5.85216,3.998976,15.11,71.9,7.23,8.1,7.73,5.35,110.82,33.44,1.695,"SNL-ZOOP-GFF66","Zooplankton",">350um",">350um",">350um",-18.1,-28.1,-29.1,-13.2,-19.6,3.52,-6.48,-7.48,8.42,2.02,"POM",-1.65569356255209,-1.91909730579958,0.919,0.065,0.081,0.065
"176","Greenstone","Sierra Nevada","8/1/22",37.97965,-119.29034,3091,5.85216,5.85216,3.998976,15.11,71.9,7.23,8.1,7.73,5.35,110.82,33.44,1.695,"SNL-ZOOP-GFF66","Zooplankton",">350um",">350um",">350um",-18.1,-28.1,-29.1,-13.2,-19.6,3.52,-6.48,-7.48,8.42,2.02,"POM",-1.65569356255209,-1.91909730579958,0.919,0.065,0.081,0.065
"177","Greenstone","Sierra Nevada","8/1/22",37.97965,-119.29034,3091,5.85216,5.85216,3.998976,15.11,71.9,7.23,8.1,7.73,5.35,110.82,33.44,1.695,"SNL-ZOOP-GFF66","Zooplankton",">350um",">350um",">350um",-18.1,-28.1,-29.1,-13.2,-19.6,3.52,-6.48,-7.48,8.42,2.02,"POM",-1.65569356255209,-1.91909730579958,0.919,0.065,0.081,0.065
"178","Greenstone","Sierra Nevada","8/1/22",37.97965,-119.29034,3091,5.85216,5.85216,3.998976,15.11,71.9,7.23,8.1,7.73,5.35,110.82,33.44,1.695,"SNL-ZOOP-GFF66","Zooplankton",">350um",">350um",">350um",-18.1,-28.1,-29.1,-13.2,-19.6,3.52,-6.48,-7.48,8.42,2.02,"POM",-1.65569356255209,-1.91909730579958,0.919,0.065,0.081,0.065
"179","Lukens","Sierra Nevada","7/30/22",37.85989,-119.61614,2513,5.42544,5.1816,3.6576,21.4,78.2,6.87,15,8.36,1.9,157.75,16.25,0.71,"SNL-ZOOP-02A","Zooplankton","Daphnia","Daphnia","cladocera",-26.1,-34.8,-34.2,-24,-31.1,3.94,-4.76,-4.16,6.04,-1.06,"POM",-2.5518821255409,-2.23121438225773,0.947,0.045,0.053,0.045
"180","Lukens","Sierra Nevada","7/30/22",37.85989,-119.61614,2513,5.42544,5.1816,3.6576,21.4,78.2,6.87,15,8.36,1.9,157.75,16.25,0.71,"SNL-ZOOP-02A","Zooplankton","Daphnia","Daphnia","cladocera",-26.1,-34.8,-34.2,-24,-31.1,3.94,-4.76,-4.16,6.04,-1.06,"POM",-2.5518821255409,-2.23121438225773,0.947,0.045,0.053,0.045
"181","Lukens","Sierra Nevada","7/30/22",37.85989,-119.61614,2513,5.42544,5.1816,3.6576,21.4,78.2,6.87,15,8.36,1.9,157.75,16.25,0.71,"SNL-ZOOP-02A","Zooplankton","Daphnia","Daphnia","cladocera",-26.1,-34.8,-34.2,-24,-31.1,3.94,-4.76,-4.16,6.04,-1.06,"POM",-2.5518821255409,-2.23121438225773,0.947,0.045,0.053,0.045
"182","Lukens","Sierra Nevada","7/30/22",37.85989,-119.61614,2513,5.42544,5.1816,3.6576,21.4,78.2,6.87,15,8.36,1.9,157.75,16.25,0.71,"SNL-ZOOP-02A","Zooplankton","Daphnia","Daphnia","cladocera",-26.1,-34.8,-34.2,-24,-31.1,3.94,-4.76,-4.16,6.04,-1.06,"POM",-2.5518821255409,-2.23121438225773,0.947,0.045,0.053,0.045
"183","Lukens","Sierra Nevada","7/30/22",37.85989,-119.61614,2513,5.42544,5.1816,3.6576,21.4,78.2,6.87,15,8.36,1.9,157.75,16.25,0.71,"SNL-ZOOP-02A","Zooplankton","Daphnia","Daphnia","cladocera",-26.1,-34.8,-34.2,-24,-31.1,3.94,-4.76,-4.16,6.04,-1.06,"POM",-2.5518821255409,-2.23121438225773,0.947,0.045,0.053,0.045
"184","Lukens","Sierra Nevada","7/30/22",37.85989,-119.61614,2513,5.42544,5.1816,3.6576,21.4,78.2,6.87,15,8.36,1.9,157.75,16.25,0.71,"SNL-ZOOP-03A","Zooplankton","calanoid","calanoid","copepoda",-29.1,-38,-36.8,-23.5,-33.7,3.12,-5.78,-4.58,8.72,-1.48,"POM",-1.79294629940385,-2.28847974260303,0.929,0.059,0.071,0.059
"185","Lukens","Sierra Nevada","7/30/22",37.85989,-119.61614,2513,5.42544,5.1816,3.6576,21.4,78.2,6.87,15,8.36,1.9,157.75,16.25,0.71,"SNL-ZOOP-03A","Zooplankton","calanoid","calanoid","copepoda",-29.1,-38,-36.8,-23.5,-33.7,3.12,-5.78,-4.58,8.72,-1.48,"POM",-1.79294629940385,-2.28847974260303,0.929,0.059,0.071,0.059
"186","Lukens","Sierra Nevada","7/30/22",37.85989,-119.61614,2513,5.42544,5.1816,3.6576,21.4,78.2,6.87,15,8.36,1.9,157.75,16.25,0.71,"SNL-ZOOP-03A","Zooplankton","calanoid","calanoid","copepoda",-29.1,-38,-36.8,-23.5,-33.7,3.12,-5.78,-4.58,8.72,-1.48,"POM",-1.79294629940385,-2.28847974260303,0.929,0.059,0.071,0.059
"187","Lukens","Sierra Nevada","7/30/22",37.85989,-119.61614,2513,5.42544,5.1816,3.6576,21.4,78.2,6.87,15,8.36,1.9,157.75,16.25,0.71,"SNL-ZOOP-03A","Zooplankton","calanoid","calanoid","copepoda",-29.1,-38,-36.8,-23.5,-33.7,3.12,-5.78,-4.58,8.72,-1.48,"POM",-1.79294629940385,-2.28847974260303,0.929,0.059,0.071,0.059
"188","Lukens","Sierra Nevada","7/30/22",37.85989,-119.61614,2513,5.42544,5.1816,3.6576,21.4,78.2,6.87,15,8.36,1.9,157.75,16.25,0.71,"SNL-ZOOP-03A","Zooplankton","calanoid","calanoid","copepoda",-29.1,-38,-36.8,-23.5,-33.7,3.12,-5.78,-4.58,8.72,-1.48,"POM",-1.79294629940385,-2.28847974260303,0.929,0.059,0.071,0.059
"189","Lukens","Sierra Nevada","7/30/22",37.85989,-119.61614,2513,5.42544,5.1816,3.6576,21.4,78.2,6.87,15,8.36,1.9,157.75,16.25,0.71,"SNL-ZOOP-03A","Zooplankton","calanoid","calanoid","copepoda",-29.1,-38,-36.8,-23.5,-33.7,3.12,-5.78,-4.58,8.72,-1.48,"POM",-1.79294629940385,-2.28847974260303,0.929,0.059,0.071,0.059
"190","Lukens","Sierra Nevada","7/30/22",37.85989,-119.61614,2513,5.42544,5.1816,3.6576,21.4,78.2,6.87,15,8.36,1.9,157.75,16.25,0.71,"SNL-POM-03","POM","POM <63um","POM","POM",-28,-35,-35,-24.6,-29.8,2.48,-4.52,-4.52,5.88,0.68,"Source",-2.64766704626806,-2.6054899397897,NA,NA,NA,NA
"191","Lukens","Sierra Nevada","7/30/22",37.85989,-119.61614,2513,5.42544,5.1816,3.6576,21.4,78.2,6.87,15,8.36,1.9,157.75,16.25,0.71,"SNL-ZOOP-03A","Zooplankton","calanoid","calanoid","copepoda",-29.1,-38,-36.8,-23.5,-33.7,3.12,-5.78,-4.58,8.72,-1.48,"POM",-1.79294629940385,-2.28847974260303,0.929,0.059,0.071,0.059
"192","Lukens","Sierra Nevada","7/30/22",37.85989,-119.61614,2513,5.42544,5.1816,3.6576,21.4,78.2,6.87,15,8.36,1.9,157.75,16.25,0.71,"SNL-ZOOP-03A","Zooplankton","calanoid","calanoid","copepoda",-29.1,-38,-36.8,-23.5,-33.7,3.12,-5.78,-4.58,8.72,-1.48,"POM",-1.79294629940385,-2.28847974260303,0.929,0.059,0.071,0.059
"193","Lukens","Sierra Nevada","7/30/22",37.85989,-119.61614,2513,5.42544,5.1816,3.6576,21.4,78.2,6.87,15,8.36,1.9,157.75,16.25,0.71,"SNL-ZOOP-04A","Zooplankton","calanoid","calanoid","copepoda",-29.2,-38.4,-36.6,-26.4,-33.1,3.54,-5.66,-3.86,6.34,-0.359999999999999,"POM",-1.77550401199985,-2.88892700913874,0.938,0.055,0.062,0.055
"194","Lukens","Sierra Nevada","7/30/22",37.85989,-119.61614,2513,5.42544,5.1816,3.6576,21.4,78.2,6.87,15,8.36,1.9,157.75,16.25,0.71,"SNL-ZOOP-04A","Zooplankton","calanoid","calanoid","copepoda",-29.2,-38.4,-36.6,-26.4,-33.1,3.54,-5.66,-3.86,6.34,-0.359999999999999,"POM",-1.77550401199985,-2.88892700913874,0.938,0.055,0.062,0.055
"195","Lukens","Sierra Nevada","7/30/22",37.85989,-119.61614,2513,5.42544,5.1816,3.6576,21.4,78.2,6.87,15,8.36,1.9,157.75,16.25,0.71,"SNL-ZOOP-04A","Zooplankton","calanoid","calanoid","copepoda",-29.2,-38.4,-36.6,-26.4,-33.1,3.54,-5.66,-3.86,6.34,-0.359999999999999,"POM",-1.77550401199985,-2.88892700913874,0.938,0.055,0.062,0.055
"196","Lukens","Sierra Nevada","7/30/22",37.85989,-119.61614,2513,5.42544,5.1816,3.6576,21.4,78.2,6.87,15,8.36,1.9,157.75,16.25,0.71,"SNL-TERPLA-01","Terrestrial Plants","Pinus contorta ssp. murrayana","Terrestrial Plants","Plants",-21.2,-37,-28.6,-12.8,-28,4.32,-11.48,-3.08,12.72,-2.48,"Source",4.13440775930711,-0.0182026663773078,NA,NA,NA,NA
"197","Lukens","Sierra Nevada","7/30/22",37.85989,-119.61614,2513,5.42544,5.1816,3.6576,21.4,78.2,6.87,15,8.36,1.9,157.75,16.25,0.71,"SNL-TERPLA-07","Terrestrial Plants","Carex spp. ","Terrestrial Plants","Plants",-22.7,-35.2,-25.2,-17.3,-20,1.38,-11.12,-1.12,6.78,4.08,"Source",5.23848162104797,-0.913924935563024,NA,NA,NA,NA
"198","Lukens","Sierra Nevada","7/30/22",37.85989,-119.61614,2513,5.42544,5.1816,3.6576,21.4,78.2,6.87,15,8.36,1.9,157.75,16.25,0.71,"SNL-ZOOP-04A","Zooplankton","calanoid","calanoid","copepoda",-29.2,-38.4,-36.6,-26.4,-33.1,3.54,-5.66,-3.86,6.34,-0.359999999999999,"POM",-1.77550401199985,-2.88892700913874,0.938,0.055,0.062,0.055
"199","Lukens","Sierra Nevada","7/30/22",37.85989,-119.61614,2513,5.42544,5.1816,3.6576,21.4,78.2,6.87,15,8.36,1.9,157.75,16.25,0.71,"SNL-ZOOP-04A","Zooplankton","calanoid","calanoid","copepoda",-29.2,-38.4,-36.6,-26.4,-33.1,3.54,-5.66,-3.86,6.34,-0.359999999999999,"POM",-1.77550401199985,-2.88892700913874,0.938,0.055,0.062,0.055
"200","Lukens","Sierra Nevada","7/30/22",37.85989,-119.61614,2513,5.42544,5.1816,3.6576,21.4,78.2,6.87,15,8.36,1.9,157.75,16.25,0.71,"SNL-ZOOP-04A","Zooplankton","calanoid","calanoid","copepoda",-29.2,-38.4,-36.6,-26.4,-33.1,3.54,-5.66,-3.86,6.34,-0.359999999999999,"POM",-1.77550401199985,-2.88892700913874,0.938,0.055,0.062,0.055
"201","Lukens","Sierra Nevada","7/30/22",37.85989,-119.61614,2513,5.42544,5.1816,3.6576,21.4,78.2,6.87,15,8.36,1.9,157.75,16.25,0.71,"SNL-ZOOP-04A","Zooplankton","calanoid","calanoid","copepoda",-29.2,-38.4,-36.6,-26.4,-33.1,3.54,-5.66,-3.86,6.34,-0.359999999999999,"POM",-1.77550401199985,-2.88892700913874,0.938,0.055,0.062,0.055
"202","Lukens","Sierra Nevada","7/30/22",37.85989,-119.61614,2513,5.42544,5.1816,3.6576,21.4,78.2,6.87,15,8.36,1.9,157.75,16.25,0.71,"SNL-ZOOP-02A","Zooplankton","Daphnia","Daphnia","cladocera",-26.1,-34.8,-34.2,-24,-31.1,3.94,-4.76,-4.16,6.04,-1.06,"POM",-2.5518821255409,-2.23121438225773,0.947,0.045,0.053,0.045
"203","Lukens","Sierra Nevada","7/30/22",37.85989,-119.61614,2513,5.42544,5.1816,3.6576,21.4,78.2,6.87,15,8.36,1.9,157.75,16.25,0.71,"SNL-ZOOP-02A","Zooplankton","Daphnia","Daphnia","cladocera",-26.1,-34.8,-34.2,-24,-31.1,3.94,-4.76,-4.16,6.04,-1.06,"POM",-2.5518821255409,-2.23121438225773,0.947,0.045,0.053,0.045
"204","Lukens","Sierra Nevada","7/30/22",37.85989,-119.61614,2513,5.42544,5.1816,3.6576,21.4,78.2,6.87,15,8.36,1.9,157.75,16.25,0.71,"SNL-ZOOP-02A","Zooplankton","Daphnia","Daphnia","cladocera",-26.1,-34.8,-34.2,-24,-31.1,3.94,-4.76,-4.16,6.04,-1.06,"POM",-2.5518821255409,-2.23121438225773,0.947,0.045,0.053,0.045
"205","Lukens","Sierra Nevada","7/30/22",37.85989,-119.61614,2513,5.42544,5.1816,3.6576,21.4,78.2,6.87,15,8.36,1.9,157.75,16.25,0.71,"SNL-ZOOP-02A","Zooplankton","Daphnia","Daphnia","cladocera",-26.1,-34.8,-34.2,-24,-31.1,3.94,-4.76,-4.16,6.04,-1.06,"POM",-2.5518821255409,-2.23121438225773,0.947,0.045,0.053,0.045
"206","Lukens","Sierra Nevada","7/30/22",37.85989,-119.61614,2513,5.42544,5.1816,3.6576,21.4,78.2,6.87,15,8.36,1.9,157.75,16.25,0.71,"SNL-ZOOP-01A","Zooplankton","Daphnia","Daphnia","cladocera",-28.4,-35.1,-36.9,-22.5,-31.8,2.54,-4.16,-5.96,8.44,-0.859999999999999,"POM",-3.55647933286776,-2.42575171704677,0.908,0.034,0.092,0.034
"207","Lukens","Sierra Nevada","7/30/22",37.85989,-119.61614,2513,5.42544,5.1816,3.6576,21.4,78.2,6.87,15,8.36,1.9,157.75,16.25,0.71,"SNL-ZOOP-01A","Zooplankton","Daphnia","Daphnia","cladocera",-28.4,-35.1,-36.9,-22.5,-31.8,2.54,-4.16,-5.96,8.44,-0.859999999999999,"POM",-3.55647933286776,-2.42575171704677,0.908,0.034,0.092,0.034
"208","Lukens","Sierra Nevada","7/30/22",37.85989,-119.61614,2513,5.42544,5.1816,3.6576,21.4,78.2,6.87,15,8.36,1.9,157.75,16.25,0.71,"SNL-ZOOP-01A","Zooplankton","Daphnia","Daphnia","cladocera",-28.4,-35.1,-36.9,-22.5,-31.8,2.54,-4.16,-5.96,8.44,-0.859999999999999,"POM",-3.55647933286776,-2.42575171704677,0.908,0.034,0.092,0.034
"209","Lukens","Sierra Nevada","7/30/22",37.85989,-119.61614,2513,5.42544,5.1816,3.6576,21.4,78.2,6.87,15,8.36,1.9,157.75,16.25,0.71,"SNL-ZOOP-01A","Zooplankton","Daphnia","Daphnia","cladocera",-28.4,-35.1,-36.9,-22.5,-31.8,2.54,-4.16,-5.96,8.44,-0.859999999999999,"POM",-3.55647933286776,-2.42575171704677,0.908,0.034,0.092,0.034
"210","Lukens","Sierra Nevada","7/30/22",37.85989,-119.61614,2513,5.42544,5.1816,3.6576,21.4,78.2,6.87,15,8.36,1.9,157.75,16.25,0.71,"SNL-ZOOP-01A","Zooplankton","Daphnia","Daphnia","cladocera",-28.4,-35.1,-36.9,-22.5,-31.8,2.54,-4.16,-5.96,8.44,-0.859999999999999,"POM",-3.55647933286776,-2.42575171704677,0.908,0.034,0.092,0.034
"211","Lukens","Sierra Nevada","7/30/22",37.85989,-119.61614,2513,5.42544,5.1816,3.6576,21.4,78.2,6.87,15,8.36,1.9,157.75,16.25,0.71,"SNL-ZOOP-01A","Zooplankton","Daphnia","Daphnia","cladocera",-28.4,-35.1,-36.9,-22.5,-31.8,2.54,-4.16,-5.96,8.44,-0.859999999999999,"POM",-3.55647933286776,-2.42575171704677,0.908,0.034,0.092,0.034
"212","Lukens","Sierra Nevada","7/30/22",37.85989,-119.61614,2513,5.42544,5.1816,3.6576,21.4,78.2,6.87,15,8.36,1.9,157.75,16.25,0.71,"SNL-ZOOP-01A","Zooplankton","Daphnia","Daphnia","cladocera",-28.4,-35.1,-36.9,-22.5,-31.8,2.54,-4.16,-5.96,8.44,-0.859999999999999,"POM",-3.55647933286776,-2.42575171704677,0.908,0.034,0.092,0.034
"213","Lukens","Sierra Nevada","7/30/22",37.85989,-119.61614,2513,5.42544,5.1816,3.6576,21.4,78.2,6.87,15,8.36,1.9,157.75,16.25,0.71,"SNL-ZOOP-01A","Zooplankton","Daphnia","Daphnia","cladocera",-28.4,-35.1,-36.9,-22.5,-31.8,2.54,-4.16,-5.96,8.44,-0.859999999999999,"POM",-3.55647933286776,-2.42575171704677,0.908,0.034,0.092,0.034
"214","Lukens","Sierra Nevada","7/30/22",37.85989,-119.61614,2513,5.42544,5.1816,3.6576,21.4,78.2,6.87,15,8.36,1.9,157.75,16.25,0.71,"SNL-ZOOP-01A","Zooplankton","Daphnia","Daphnia","cladocera",-28.4,-35.1,-36.9,-22.5,-31.8,2.54,-4.16,-5.96,8.44,-0.859999999999999,"POM",-3.55647933286776,-2.42575171704677,0.908,0.034,0.092,0.034
"215","Lukens","Sierra Nevada","7/30/22",37.85989,-119.61614,2513,5.42544,5.1816,3.6576,21.4,78.2,6.87,15,8.36,1.9,157.75,16.25,0.71,"SNL-ZOOP-GFF65","Zooplankton",">350um",">350um",">350um",-24.4,-35.4,-34.6,-22.9,-29.2,4.9,-6.1,-5.3,6.4,0.100000000000001,"POM",-2.00891569314742,-3.03483478355981,0.944,0.048,0.056,0.048
"216","Lukens","Sierra Nevada","7/30/22",37.85989,-119.61614,2513,5.42544,5.1816,3.6576,21.4,78.2,6.87,15,8.36,1.9,157.75,16.25,0.71,"SNL-ZOOP-GFF65","Zooplankton",">350um",">350um",">350um",-24.4,-35.4,-34.6,-22.9,-29.2,4.9,-6.1,-5.3,6.4,0.100000000000001,"POM",-2.00891569314742,-3.03483478355981,0.944,0.048,0.056,0.048
"217","Lukens","Sierra Nevada","7/30/22",37.85989,-119.61614,2513,5.42544,5.1816,3.6576,21.4,78.2,6.87,15,8.36,1.9,157.75,16.25,0.71,"SNL-ZOOP-03A","Zooplankton","calanoid","calanoid","copepoda",-29.1,-38,-36.8,-23.5,-33.7,3.12,-5.78,-4.58,8.72,-1.48,"POM",-1.79294629940385,-2.28847974260303,0.929,0.059,0.071,0.059
"218","Lukens","Sierra Nevada","7/30/22",37.85989,-119.61614,2513,5.42544,5.1816,3.6576,21.4,78.2,6.87,15,8.36,1.9,157.75,16.25,0.71,"SNL-ZOOP-GFF65","Zooplankton",">350um",">350um",">350um",-24.4,-35.4,-34.6,-22.9,-29.2,4.9,-6.1,-5.3,6.4,0.100000000000001,"POM",-2.00891569314742,-3.03483478355981,0.944,0.048,0.056,0.048
"219","Lukens","Sierra Nevada","7/30/22",37.85989,-119.61614,2513,5.42544,5.1816,3.6576,21.4,78.2,6.87,15,8.36,1.9,157.75,16.25,0.71,"SNL-ZOOP-GFF65","Zooplankton",">350um",">350um",">350um",-24.4,-35.4,-34.6,-22.9,-29.2,4.9,-6.1,-5.3,6.4,0.100000000000001,"POM",-2.00891569314742,-3.03483478355981,0.944,0.048,0.056,0.048
"220","Lukens","Sierra Nevada","7/30/22",37.85989,-119.61614,2513,5.42544,5.1816,3.6576,21.4,78.2,6.87,15,8.36,1.9,157.75,16.25,0.71,"SNL-ZOOP-GFF65","Zooplankton",">350um",">350um",">350um",-24.4,-35.4,-34.6,-22.9,-29.2,4.9,-6.1,-5.3,6.4,0.100000000000001,"POM",-2.00891569314742,-3.03483478355981,0.944,0.048,0.056,0.048
"221","Lukens","Sierra Nevada","7/30/22",37.85989,-119.61614,2513,5.42544,5.1816,3.6576,21.4,78.2,6.87,15,8.36,1.9,157.75,16.25,0.71,"SNL-ZOOP-GFF65","Zooplankton",">350um",">350um",">350um",-24.4,-35.4,-34.6,-22.9,-29.2,4.9,-6.1,-5.3,6.4,0.100000000000001,"POM",-2.00891569314742,-3.03483478355981,0.944,0.048,0.056,0.048
"222","Lukens","Sierra Nevada","7/30/22",37.85989,-119.61614,2513,5.42544,5.1816,3.6576,21.4,78.2,6.87,15,8.36,1.9,157.75,16.25,0.71,"SNL-ZOOP-GFF65","Zooplankton",">350um",">350um",">350um",-24.4,-35.4,-34.6,-22.9,-29.2,4.9,-6.1,-5.3,6.4,0.100000000000001,"POM",-2.00891569314742,-3.03483478355981,0.944,0.048,0.056,0.048
"223","Lukens","Sierra Nevada","7/30/22",37.85989,-119.61614,2513,5.42544,5.1816,3.6576,21.4,78.2,6.87,15,8.36,1.9,157.75,16.25,0.71,"SNL-ZOOP-04A","Zooplankton","calanoid","calanoid","copepoda",-29.2,-38.4,-36.6,-26.4,-33.1,3.54,-5.66,-3.86,6.34,-0.359999999999999,"POM",-1.77550401199985,-2.88892700913874,0.938,0.055,0.062,0.055
"224","Lukens","Sierra Nevada","7/30/22",37.85989,-119.61614,2513,5.42544,5.1816,3.6576,21.4,78.2,6.87,15,8.36,1.9,157.75,16.25,0.71,"SNL-ZOOP-04A","Zooplankton","calanoid","calanoid","copepoda",-29.2,-38.4,-36.6,-26.4,-33.1,3.54,-5.66,-3.86,6.34,-0.359999999999999,"POM",-1.77550401199985,-2.88892700913874,0.938,0.055,0.062,0.055
"225","Lukens","Sierra Nevada","7/30/22",37.85989,-119.61614,2513,5.42544,5.1816,3.6576,21.4,78.2,6.87,15,8.36,1.9,157.75,16.25,0.71,"SNL-ZOOP-GFF65","Zooplankton",">350um",">350um",">350um",-24.4,-35.4,-34.6,-22.9,-29.2,4.9,-6.1,-5.3,6.4,0.100000000000001,"POM",-2.00891569314742,-3.03483478355981,0.944,0.048,0.056,0.048
"226","Lukens","Sierra Nevada","7/30/22",37.85989,-119.61614,2513,5.42544,5.1816,3.6576,21.4,78.2,6.87,15,8.36,1.9,157.75,16.25,0.71,"SNL-ZOOP-GFF65","Zooplankton",">350um",">350um",">350um",-24.4,-35.4,-34.6,-22.9,-29.2,4.9,-6.1,-5.3,6.4,0.100000000000001,"POM",-2.00891569314742,-3.03483478355981,0.944,0.048,0.056,0.048
"227","MayPond","Sierra Nevada","7/30/22",37.834271,-119.48997,2714,0.6096,0.6096,0.3048,21.7,60.5,5.33,9.8,7.8,13.6,947.92,199.69,1.58,"SNL-ZOOP-07A","Zooplankton","calanoid","calanoid","copepoda",-30,-38.7,-34.7,-24.2,-31.4,1.8,-6.9,-2.9,7.6,0.400000000000002,"POM",0.162954445652271,-2.04835905313299,0.781,0.136,0.219,0.136
"228","MayPond","Sierra Nevada","7/30/22",37.834271,-119.48997,2714,0.6096,0.6096,0.3048,21.7,60.5,5.33,9.8,7.8,13.6,947.92,199.69,1.58,"SNL-ZOOP-07A","Zooplankton","calanoid","calanoid","copepoda",-30,-38.7,-34.7,-24.2,-31.4,1.8,-6.9,-2.9,7.6,0.400000000000002,"POM",0.162954445652271,-2.04835905313299,0.781,0.136,0.219,0.136
"229","MayPond","Sierra Nevada","7/30/22",37.834271,-119.48997,2714,0.6096,0.6096,0.3048,21.7,60.5,5.33,9.8,7.8,13.6,947.92,199.69,1.58,"SNL-ZOOP-05A","Zooplankton","calanoid","calanoid","copepoda",-31.1,-40.5,-37.3,-28.7,-34.9,3.4,-6,-2.8,5.8,-0.399999999999999,"POM",-1.15899992181722,-2.9943319591995,0.92,0.069,0.08,0.069
"230","MayPond","Sierra Nevada","7/30/22",37.834271,-119.48997,2714,0.6096,0.6096,0.3048,21.7,60.5,5.33,9.8,7.8,13.6,947.92,199.69,1.58,"SNL-ZOOP-07A","Zooplankton","calanoid","calanoid","copepoda",-30,-38.7,-34.7,-24.2,-31.4,1.8,-6.9,-2.9,7.6,0.400000000000002,"POM",0.162954445652271,-2.04835905313299,0.781,0.136,0.219,0.136
"231","MayPond","Sierra Nevada","7/30/22",37.834271,-119.48997,2714,0.6096,0.6096,0.3048,21.7,60.5,5.33,9.8,7.8,13.6,947.92,199.69,1.58,"SNL-ZOOP-05A","Zooplankton","calanoid","calanoid","copepoda",-31.1,-40.5,-37.3,-28.7,-34.9,3.4,-6,-2.8,5.8,-0.399999999999999,"POM",-1.15899992181722,-2.9943319591995,0.92,0.069,0.08,0.069
"232","MayPond","Sierra Nevada","7/30/22",37.834271,-119.48997,2714,0.6096,0.6096,0.3048,21.7,60.5,5.33,9.8,7.8,13.6,947.92,199.69,1.58,"SNL-ZOOP-05A","Zooplankton","calanoid","calanoid","copepoda",-31.1,-40.5,-37.3,-28.7,-34.9,3.4,-6,-2.8,5.8,-0.399999999999999,"POM",-1.15899992181722,-2.9943319591995,0.92,0.069,0.08,0.069
"233","MayPond","Sierra Nevada","7/30/22",37.834271,-119.48997,2714,0.6096,0.6096,0.3048,21.7,60.5,5.33,9.8,7.8,13.6,947.92,199.69,1.58,"SNL-ZOOP-05A","Zooplankton","calanoid","calanoid","copepoda",-31.1,-40.5,-37.3,-28.7,-34.9,3.4,-6,-2.8,5.8,-0.399999999999999,"POM",-1.15899992181722,-2.9943319591995,0.92,0.069,0.08,0.069
"234","MayPond","Sierra Nevada","7/30/22",37.834271,-119.48997,2714,0.6096,0.6096,0.3048,21.7,60.5,5.33,9.8,7.8,13.6,947.92,199.69,1.58,"SNL-ZOOP-05A","Zooplankton","calanoid","calanoid","copepoda",-31.1,-40.5,-37.3,-28.7,-34.9,3.4,-6,-2.8,5.8,-0.399999999999999,"POM",-1.15899992181722,-2.9943319591995,0.92,0.069,0.08,0.069
"235","MayPond","Sierra Nevada","7/30/22",37.834271,-119.48997,2714,0.6096,0.6096,0.3048,21.7,60.5,5.33,9.8,7.8,13.6,947.92,199.69,1.58,"SNL-ZOOP-05A","Zooplankton","calanoid","calanoid","copepoda",-31.1,-40.5,-37.3,-28.7,-34.9,3.4,-6,-2.8,5.8,-0.399999999999999,"POM",-1.15899992181722,-2.9943319591995,0.92,0.069,0.08,0.069
"236","MayPond","Sierra Nevada","7/30/22",37.834271,-119.48997,2714,0.6096,0.6096,0.3048,21.7,60.5,5.33,9.8,7.8,13.6,947.92,199.69,1.58,"SNL-ZOOP-07A","Zooplankton","calanoid","calanoid","copepoda",-30,-38.7,-34.7,-24.2,-31.4,1.8,-6.9,-2.9,7.6,0.400000000000002,"POM",0.162954445652271,-2.04835905313299,0.781,0.136,0.219,0.136
"237","MayPond","Sierra Nevada","7/30/22",37.834271,-119.48997,2714,0.6096,0.6096,0.3048,21.7,60.5,5.33,9.8,7.8,13.6,947.92,199.69,1.58,"SNL-ZOOP-07A","Zooplankton","calanoid","calanoid","copepoda",-30,-38.7,-34.7,-24.2,-31.4,1.8,-6.9,-2.9,7.6,0.400000000000002,"POM",0.162954445652271,-2.04835905313299,0.781,0.136,0.219,0.136
"238","MayPond","Sierra Nevada","7/30/22",37.834271,-119.48997,2714,0.6096,0.6096,0.3048,21.7,60.5,5.33,9.8,7.8,13.6,947.92,199.69,1.58,"SNL-TERPLA-08","Terrestrial Plants","Carex spp. ","Terrestrial Plants","Plants",-23.7,-35,-26.6,-16.2,-28.2,2.24,-9.06,-0.66,9.74,-2.26,"Source",3.39776998997836,0.897864813526778,NA,NA,NA,NA
"239","MayPond","Sierra Nevada","7/30/22",37.834271,-119.48997,2714,0.6096,0.6096,0.3048,21.7,60.5,5.33,9.8,7.8,13.6,947.92,199.69,1.58,"SNL-TERPLA-10","Terrestrial Plants","Pinus contorta ssp. Murrayana","Terrestrial Plants","Plants",-25.2,-36.6,-26.1,-20,-28.1,2,-9.4,1.1,7.2,-0.900000000000002,"Source",4.32458519712416,0.515664937744133,NA,NA,NA,NA
"240","MayPond","Sierra Nevada","7/30/22",37.834271,-119.48997,2714,0.6096,0.6096,0.3048,21.7,60.5,5.33,9.8,7.8,13.6,947.92,199.69,1.58,"SNL-ZOOP-07A","Zooplankton","calanoid","calanoid","copepoda",-30,-38.7,-34.7,-24.2,-31.4,1.8,-6.9,-2.9,7.6,0.400000000000002,"POM",0.162954445652271,-2.04835905313299,0.781,0.136,0.219,0.136
"241","MayPond","Sierra Nevada","7/30/22",37.834271,-119.48997,2714,0.6096,0.6096,0.3048,21.7,60.5,5.33,9.8,7.8,13.6,947.92,199.69,1.58,"SNL-ZOOP-07A","Zooplankton","calanoid","calanoid","copepoda",-30,-38.7,-34.7,-24.2,-31.4,1.8,-6.9,-2.9,7.6,0.400000000000002,"POM",0.162954445652271,-2.04835905313299,0.781,0.136,0.219,0.136
"242","MayPond","Sierra Nevada","7/30/22",37.834271,-119.48997,2714,0.6096,0.6096,0.3048,21.7,60.5,5.33,9.8,7.8,13.6,947.92,199.69,1.58,"SNL-ZOOP-GFF69","Zooplankton",">350um",">350um",">350um",-33.1,-40.3,-39.4,-28.6,-36.4,2.46,-4.73999999999999,-3.84,6.96,-0.839999999999996,"POM",-2.54820460179028,-3.0204477104483,0.955,0.04,0.045,0.04
"243","MayPond","Sierra Nevada","7/30/22",37.834271,-119.48997,2714,0.6096,0.6096,0.3048,21.7,60.5,5.33,9.8,7.8,13.6,947.92,199.69,1.58,"SNL-ZOOP-05A","Zooplankton","calanoid","calanoid","copepoda",-31.1,-40.5,-37.3,-28.7,-34.9,3.4,-6,-2.8,5.8,-0.399999999999999,"POM",-1.15899992181722,-2.9943319591995,0.92,0.069,0.08,0.069
"244","MayPond","Sierra Nevada","7/30/22",37.834271,-119.48997,2714,0.6096,0.6096,0.3048,21.7,60.5,5.33,9.8,7.8,13.6,947.92,199.69,1.58,"SNL-ZOOP-GFF69","Zooplankton",">350um",">350um",">350um",-33.1,-40.3,-39.4,-28.6,-36.4,2.46,-4.73999999999999,-3.84,6.96,-0.839999999999996,"POM",-2.54820460179028,-3.0204477104483,0.955,0.04,0.045,0.04
"245","MayPond","Sierra Nevada","7/30/22",37.834271,-119.48997,2714,0.6096,0.6096,0.3048,21.7,60.5,5.33,9.8,7.8,13.6,947.92,199.69,1.58,"SNL-POM-05","POM","POM <63um","POM","POM",-28.2,-34.6,-33.8,-24.2,-31.2,2.2,-4.2,-3.4,6.2,-0.800000000000001,"Source",-2.37907829061768,-1.65993585676066,NA,NA,NA,NA
"246","MayPond","Sierra Nevada","7/30/22",37.834271,-119.48997,2714,0.6096,0.6096,0.3048,21.7,60.5,5.33,9.8,7.8,13.6,947.92,199.69,1.58,"SNL-ZOOP-06A","Zooplankton","calanoid","calanoid","copepoda",-29.7,-39.7,-35.1,-22.7,-30.8,1.9,-8.1,-3.5,8.9,0.800000000000001,"POM",0.96946021858708,-2.24472976198786,0.689,0.172,0.311,0.172
"247","MayPond","Sierra Nevada","7/30/22",37.834271,-119.48997,2714,0.6096,0.6096,0.3048,21.7,60.5,5.33,9.8,7.8,13.6,947.92,199.69,1.58,"SNL-ZOOP-07A","Zooplankton","calanoid","calanoid","copepoda",-30,-38.7,-34.7,-24.2,-31.4,1.8,-6.9,-2.9,7.6,0.400000000000002,"POM",0.162954445652271,-2.04835905313299,0.781,0.136,0.219,0.136
"248","MayPond","Sierra Nevada","7/30/22",37.834271,-119.48997,2714,0.6096,0.6096,0.3048,21.7,60.5,5.33,9.8,7.8,13.6,947.92,199.69,1.58,"SNL-ZOOP-07A","Zooplankton","calanoid","calanoid","copepoda",-30,-38.7,-34.7,-24.2,-31.4,1.8,-6.9,-2.9,7.6,0.400000000000002,"POM",0.162954445652271,-2.04835905313299,0.781,0.136,0.219,0.136
"249","MayPond","Sierra Nevada","7/30/22",37.834271,-119.48997,2714,0.6096,0.6096,0.3048,21.7,60.5,5.33,9.8,7.8,13.6,947.92,199.69,1.58,"SNL-ZOOP-05A","Zooplankton","calanoid","calanoid","copepoda",-31.1,-40.5,-37.3,-28.7,-34.9,3.4,-6,-2.8,5.8,-0.399999999999999,"POM",-1.15899992181722,-2.9943319591995,0.92,0.069,0.08,0.069
"250","MayPond","Sierra Nevada","7/30/22",37.834271,-119.48997,2714,0.6096,0.6096,0.3048,21.7,60.5,5.33,9.8,7.8,13.6,947.92,199.69,1.58,"SNL-ZOOP-05A","Zooplankton","calanoid","calanoid","copepoda",-31.1,-40.5,-37.3,-28.7,-34.9,3.4,-6,-2.8,5.8,-0.399999999999999,"POM",-1.15899992181722,-2.9943319591995,0.92,0.069,0.08,0.069
"251","MayPond","Sierra Nevada","7/30/22",37.834271,-119.48997,2714,0.6096,0.6096,0.3048,21.7,60.5,5.33,9.8,7.8,13.6,947.92,199.69,1.58,"SNL-ZOOP-06A","Zooplankton","calanoid","calanoid","copepoda",-29.7,-39.7,-35.1,-22.7,-30.8,1.9,-8.1,-3.5,8.9,0.800000000000001,"POM",0.96946021858708,-2.24472976198786,0.689,0.172,0.311,0.172
"252","MayPond","Sierra Nevada","7/30/22",37.834271,-119.48997,2714,0.6096,0.6096,0.3048,21.7,60.5,5.33,9.8,7.8,13.6,947.92,199.69,1.58,"SNL-ZOOP-06A","Zooplankton","calanoid","calanoid","copepoda",-29.7,-39.7,-35.1,-22.7,-30.8,1.9,-8.1,-3.5,8.9,0.800000000000001,"POM",0.96946021858708,-2.24472976198786,0.689,0.172,0.311,0.172
"253","MayPond","Sierra Nevada","7/30/22",37.834271,-119.48997,2714,0.6096,0.6096,0.3048,21.7,60.5,5.33,9.8,7.8,13.6,947.92,199.69,1.58,"SNL-ZOOP-GFF69","Zooplankton",">350um",">350um",">350um",-33.1,-40.3,-39.4,-28.6,-36.4,2.46,-4.73999999999999,-3.84,6.96,-0.839999999999996,"POM",-2.54820460179028,-3.0204477104483,0.955,0.04,0.045,0.04
"254","MayPond","Sierra Nevada","7/30/22",37.834271,-119.48997,2714,0.6096,0.6096,0.3048,21.7,60.5,5.33,9.8,7.8,13.6,947.92,199.69,1.58,"SNL-ZOOP-GFF69","Zooplankton",">350um",">350um",">350um",-33.1,-40.3,-39.4,-28.6,-36.4,2.46,-4.73999999999999,-3.84,6.96,-0.839999999999996,"POM",-2.54820460179028,-3.0204477104483,0.955,0.04,0.045,0.04
"255","MayPond","Sierra Nevada","7/30/22",37.834271,-119.48997,2714,0.6096,0.6096,0.3048,21.7,60.5,5.33,9.8,7.8,13.6,947.92,199.69,1.58,"SNL-ZOOP-06A","Zooplankton","calanoid","calanoid","copepoda",-29.7,-39.7,-35.1,-22.7,-30.8,1.9,-8.1,-3.5,8.9,0.800000000000001,"POM",0.96946021858708,-2.24472976198786,0.689,0.172,0.311,0.172
"256","MayPond","Sierra Nevada","7/30/22",37.834271,-119.48997,2714,0.6096,0.6096,0.3048,21.7,60.5,5.33,9.8,7.8,13.6,947.92,199.69,1.58,"SNL-ZOOP-GFF69","Zooplankton",">350um",">350um",">350um",-33.1,-40.3,-39.4,-28.6,-36.4,2.46,-4.73999999999999,-3.84,6.96,-0.839999999999996,"POM",-2.54820460179028,-3.0204477104483,0.955,0.04,0.045,0.04
"257","MayPond","Sierra Nevada","7/30/22",37.834271,-119.48997,2714,0.6096,0.6096,0.3048,21.7,60.5,5.33,9.8,7.8,13.6,947.92,199.69,1.58,"SNL-ZOOP-06A","Zooplankton","calanoid","calanoid","copepoda",-29.7,-39.7,-35.1,-22.7,-30.8,1.9,-8.1,-3.5,8.9,0.800000000000001,"POM",0.96946021858708,-2.24472976198786,0.689,0.172,0.311,0.172
"258","MayPond","Sierra Nevada","7/30/22",37.834271,-119.48997,2714,0.6096,0.6096,0.3048,21.7,60.5,5.33,9.8,7.8,13.6,947.92,199.69,1.58,"SNL-ZOOP-GFF69","Zooplankton",">350um",">350um",">350um",-33.1,-40.3,-39.4,-28.6,-36.4,2.46,-4.73999999999999,-3.84,6.96,-0.839999999999996,"POM",-2.54820460179028,-3.0204477104483,0.955,0.04,0.045,0.04
"259","MayPond","Sierra Nevada","7/30/22",37.834271,-119.48997,2714,0.6096,0.6096,0.3048,21.7,60.5,5.33,9.8,7.8,13.6,947.92,199.69,1.58,"SNL-ZOOP-06A","Zooplankton","calanoid","calanoid","copepoda",-29.7,-39.7,-35.1,-22.7,-30.8,1.9,-8.1,-3.5,8.9,0.800000000000001,"POM",0.96946021858708,-2.24472976198786,0.689,0.172,0.311,0.172
"260","MayPond","Sierra Nevada","7/30/22",37.834271,-119.48997,2714,0.6096,0.6096,0.3048,21.7,60.5,5.33,9.8,7.8,13.6,947.92,199.69,1.58,"SNL-ZOOP-GFF69","Zooplankton",">350um",">350um",">350um",-33.1,-40.3,-39.4,-28.6,-36.4,2.46,-4.73999999999999,-3.84,6.96,-0.839999999999996,"POM",-2.54820460179028,-3.0204477104483,0.955,0.04,0.045,0.04
"261","MayPond","Sierra Nevada","7/30/22",37.834271,-119.48997,2714,0.6096,0.6096,0.3048,21.7,60.5,5.33,9.8,7.8,13.6,947.92,199.69,1.58,"SNL-ZOOP-GFF69","Zooplankton",">350um",">350um",">350um",-33.1,-40.3,-39.4,-28.6,-36.4,2.46,-4.73999999999999,-3.84,6.96,-0.839999999999996,"POM",-2.54820460179028,-3.0204477104483,0.955,0.04,0.045,0.04
"262","MayPond","Sierra Nevada","7/30/22",37.834271,-119.48997,2714,0.6096,0.6096,0.3048,21.7,60.5,5.33,9.8,7.8,13.6,947.92,199.69,1.58,"SNL-ZOOP-GFF69","Zooplankton",">350um",">350um",">350um",-33.1,-40.3,-39.4,-28.6,-36.4,2.46,-4.73999999999999,-3.84,6.96,-0.839999999999996,"POM",-2.54820460179028,-3.0204477104483,0.955,0.04,0.045,0.04
"263","MayPond","Sierra Nevada","7/30/22",37.834271,-119.48997,2714,0.6096,0.6096,0.3048,21.7,60.5,5.33,9.8,7.8,13.6,947.92,199.69,1.58,"SNL-ZOOP-06A","Zooplankton","calanoid","calanoid","copepoda",-29.7,-39.7,-35.1,-22.7,-30.8,1.9,-8.1,-3.5,8.9,0.800000000000001,"POM",0.96946021858708,-2.24472976198786,0.689,0.172,0.311,0.172
"264","MayPond","Sierra Nevada","7/30/22",37.834271,-119.48997,2714,0.6096,0.6096,0.3048,21.7,60.5,5.33,9.8,7.8,13.6,947.92,199.69,1.58,"SNL-ZOOP-06A","Zooplankton","calanoid","calanoid","copepoda",-29.7,-39.7,-35.1,-22.7,-30.8,1.9,-8.1,-3.5,8.9,0.800000000000001,"POM",0.96946021858708,-2.24472976198786,0.689,0.172,0.311,0.172
"265","MayPond","Sierra Nevada","7/30/22",37.834271,-119.48997,2714,0.6096,0.6096,0.3048,21.7,60.5,5.33,9.8,7.8,13.6,947.92,199.69,1.58,"SNL-ZOOP-06A","Zooplankton","calanoid","calanoid","copepoda",-29.7,-39.7,-35.1,-22.7,-30.8,1.9,-8.1,-3.5,8.9,0.800000000000001,"POM",0.96946021858708,-2.24472976198786,0.689,0.172,0.311,0.172
"266","Sunrise2","Sierra Nevada","8/6/22",37.80882,-119.44948,2830,5.12064,3.9624,3.6576,18.79,72.97,6.8,0.1,6.92,1.55,268.43,34.21,1.915,"SNL-ZOOP-GFF47","Zooplankton",">350um",">350um",">350um",-29.1,-37.5,-36.3,-25.7,-35,3.62,-4.78,-3.58,7.02,-2.28,"POM",-2.41540559850187,-2.12322346497795,0.944,0.048,0.056,0.048
"267","Sunrise2","Sierra Nevada","8/6/22",37.80882,-119.44948,2830,5.12064,3.9624,3.6576,18.79,72.97,6.8,0.1,6.92,1.55,268.43,34.21,1.915,"ALR-SUNRISE-31JUL2022-EPISALMIC-1","Algae","Epipsammic algae ","Algae","Algae",-25.29,-33.01,-31.09,-23.48,-33.89,4.062,-3.658,-1.738,5.872,-4.538,"Source",-2.4536039074614,-0.247510217878987,NA,NA,NA,NA
"268","Sunrise2","Sierra Nevada","8/6/22",37.80882,-119.44948,2830,5.12064,3.9624,3.6576,18.79,72.97,6.8,0.1,6.92,1.55,268.43,34.21,1.915,"SNL-POM-02","POM","POM <63um","POM","POM",-30.9,-36.7,-34,-27.2,-31,1.06,-4.74,-2.04,4.76,0.960000000000001,"Source",-1.26128157310027,-2.01462700834265,NA,NA,NA,NA
"269","Sunrise2","Sierra Nevada","8/6/22",37.80882,-119.44948,2830,5.12064,3.9624,3.6576,18.79,72.97,6.8,0.1,6.92,1.55,268.43,34.21,1.915,"SNL-ZOOP-GFF47","Zooplankton",">350um",">350um",">350um",-29.1,-37.5,-36.3,-25.7,-35,3.62,-4.78,-3.58,7.02,-2.28,"POM",-2.41540559850187,-2.12322346497795,0.944,0.048,0.056,0.048
"270","Sunrise2","Sierra Nevada","8/6/22",37.80882,-119.44948,2830,5.12064,3.9624,3.6576,18.79,72.97,6.8,0.1,6.92,1.55,268.43,34.21,1.915,"SNL-ZOOP-GFF47","Zooplankton",">350um",">350um",">350um",-29.1,-37.5,-36.3,-25.7,-35,3.62,-4.78,-3.58,7.02,-2.28,"POM",-2.41540559850187,-2.12322346497795,0.944,0.048,0.056,0.048
"271","Sunrise2","Sierra Nevada","8/6/22",37.80882,-119.44948,2830,5.12064,3.9624,3.6576,18.79,72.97,6.8,0.1,6.92,1.55,268.43,34.21,1.915,"SNL-ZOOP-GFF47","Zooplankton",">350um",">350um",">350um",-29.1,-37.5,-36.3,-25.7,-35,3.62,-4.78,-3.58,7.02,-2.28,"POM",-2.41540559850187,-2.12322346497795,0.944,0.048,0.056,0.048
"272","Sunrise2","Sierra Nevada","8/6/22",37.80882,-119.44948,2830,5.12064,3.9624,3.6576,18.79,72.97,6.8,0.1,6.92,1.55,268.43,34.21,1.915,"SNL-ZOOP-GFF47","Zooplankton",">350um",">350um",">350um",-29.1,-37.5,-36.3,-25.7,-35,3.62,-4.78,-3.58,7.02,-2.28,"POM",-2.41540559850187,-2.12322346497795,0.944,0.048,0.056,0.048
"273","Sunrise2","Sierra Nevada","8/6/22",37.80882,-119.44948,2830,5.12064,3.9624,3.6576,18.79,72.97,6.8,0.1,6.92,1.55,268.43,34.21,1.915,"SNL-ZOOP-GFF47","Zooplankton",">350um",">350um",">350um",-29.1,-37.5,-36.3,-25.7,-35,3.62,-4.78,-3.58,7.02,-2.28,"POM",-2.41540559850187,-2.12322346497795,0.944,0.048,0.056,0.048
"274","Sunrise2","Sierra Nevada","8/6/22",37.80882,-119.44948,2830,5.12064,3.9624,3.6576,18.79,72.97,6.8,0.1,6.92,1.55,268.43,34.21,1.915,"SNL-ZOOP-GFF47","Zooplankton",">350um",">350um",">350um",-29.1,-37.5,-36.3,-25.7,-35,3.62,-4.78,-3.58,7.02,-2.28,"POM",-2.41540559850187,-2.12322346497795,0.944,0.048,0.056,0.048
"275","Sunrise2","Sierra Nevada","8/6/22",37.80882,-119.44948,2830,5.12064,3.9624,3.6576,18.79,72.97,6.8,0.1,6.92,1.55,268.43,34.21,1.915,"SNL-ZOOP-GFF47","Zooplankton",">350um",">350um",">350um",-29.1,-37.5,-36.3,-25.7,-35,3.62,-4.78,-3.58,7.02,-2.28,"POM",-2.41540559850187,-2.12322346497795,0.944,0.048,0.056,0.048
"276","Sunrise2","Sierra Nevada","8/6/22",37.80882,-119.44948,2830,5.12064,3.9624,3.6576,18.79,72.97,6.8,0.1,6.92,1.55,268.43,34.21,1.915,"ALR-SUNRISE-31JUL2022-EPISALMIC-2","Algae","Epipsammic algae ","Algae","Algae",-24.87,-33.72,-29.11,-20.17,-30.62,2.828,-6.022,-1.412,7.528,-2.922,"Source",0.147858919024577,0.167569193598978,NA,NA,NA,NA
"277","Sunrise2","Sierra Nevada","8/6/22",37.80882,-119.44948,2830,5.12064,3.9624,3.6576,18.79,72.97,6.8,0.1,6.92,1.55,268.43,34.21,1.915,"SNL-TERPLA-14","Terrestrial Plants","Carex spp. ","Terrestrial Plants","Plants",-22.8,-35,-28.7,-13.1,-22.5,1.62,-10.58,-4.28,11.32,1.92,"Source",3.46609944533516,-0.887085939080707,NA,NA,NA,NA
"278","Sunrise2","Sierra Nevada","8/6/22",37.80882,-119.44948,2830,5.12064,3.9624,3.6576,18.79,72.97,6.8,0.1,6.92,1.55,268.43,34.21,1.915,"SNL-ZOOP-GFF47","Zooplankton",">350um",">350um",">350um",-29.1,-37.5,-36.3,-25.7,-35,3.62,-4.78,-3.58,7.02,-2.28,"POM",-2.41540559850187,-2.12322346497795,0.944,0.048,0.056,0.048
"279","Sunrise2","Sierra Nevada","8/6/22",37.80882,-119.44948,2830,5.12064,3.9624,3.6576,18.79,72.97,6.8,0.1,6.92,1.55,268.43,34.21,1.915,"SNL-TERPLA-13","Terrestrial Plants","Salix ligulifolia","Terrestrial Plants","Plants",-23,-36,-26.4,-13.8,-30.8,3,-10,-0.399999999999999,12.2,-4.8,"Source",4.21247919165543,1.77120586666441,NA,NA,NA,NA
