Source,Energy.channel,Trophic.status,Functional.group,Group,Culture_Wild,Location,Description,Habitat,Phylogentic.info,Ile,Leu,Phe,Thr,Val
Thorp & Bowes (2017),Autochthonous,Autotrophic,Green algae,Microalgae,Culture,Commercial lab culture (PureBulk.com),Chlorella sp.,Marine_Freshwater,Chlorophyta,-32,-35.47,-33.52,-26.31,-35.69
Thorp & Bowes (2017),Autochthonous,Autotrophic,Green algae,Microalgae,Culture,Commercial lab culture (PureBulk.com),Chlorella sp.,Marine_Freshwater,Chlorophyta,-31.27,-34.08,-35.38,-26.81,-36.07
Thorp & Bowes (2017),Autochthonous,Autotrophic,Green algae,Microalgae,Culture,Commercial lab culture (PureBulk.com),Chlorella sp.,Marine_Freshwater,Chlorophyta,-30.61,-33.7,-36.62,-28.55,-35.08
Thorp & Bowes (2017),Autochthonous,Autotrophic_diazotrophic,Cyanobacteria,Microalgae,Culture,Commercial lab culture (PureBulk.com),Spirulina sp.,Marine_Freshwater,Cyanobacteriota,-25.84,-30.03,-27.41,-12.19,-27.23
Thorp & Bowes (2017),Autochthonous,Autotrophic_diazotrophic,Cyanobacteria,Microalgae,Culture,Commercial lab culture (PureBulk.com),Spirulina sp.,Marine_Freshwater,Cyanobacteriota,-27.33,-33.27,-24.9,-16,-28.3
Thorp & Bowes (2017),Autochthonous,Autotrophic_diazotrophic,Cyanobacteria,Microalgae,Culture,Commercial lab culture (PureBulk.com),Spirulina sp.,Marine_Freshwater,Cyanobacteriota,-27.07,-29.85,-26.73,-12.2,-28.7
Larsen et al. (2013),Autochthonous,Autotrophic_diazotrophic,Cyanobacteria,Microalgae,Culture,"Lab culture (Helmholtz Centre for Ocean Research, Kiel, Germany)",Cyanothece sp.,Marine_Freshwater,Cyanobacteria,-27.7,-27.8,-24.9,-10.4,-24
Larsen et al. (2013),Autochthonous,Autotrophic,Cyanobacteria,Microalgae,Culture,"Lab culture (Helmholtz Centre for Ocean Research, Kiel, Germany)",Merismopedia punctata,Marine_Freshwater,Cyanobacteria,-28.9,-36,-34.6,-19.5,-32.8
Larsen et al. (2013),Autochthonous,Autotrophic_diazotrophic,Cyanobacteria,Microalgae,Culture,"Lab culture (Culture Collection of Algae, Goettingen University)",Anabaena cylindrica,Marine_Freshwater,Cyanobacteria,-17.3,-23.3,-19.8,-5.9,-20.5
Larsen et al. (2013),Autochthonous,Autotrophic_diazotrophic,Cyanobacteria,Microalgae,Culture,"Lab culture (Culture Collection of Algae, Goettingen University)",Nostoc muscorum,Freshwater_Terrestrial,Cyanobacteria,-20,-25.8,-24,-10.1,-24.2
Larsen et al. (2013),Autochthonous,Autotrophic,Microalgae,Microalgae,Culture,"Lab culture (Helmholtz Centre for Ocean Research, Kiel, Germany)",Achnanthes brevipes,Marine_Freshwater,Heterokontophyta ,-10.2,-17.3,-18.1,-2.7,-13.8
Larsen et al. (2013),Autochthonous,Autotrophic,Microalgae,Microalgae,Culture,"Lab culture (Helmholtz Centre for Ocean Research, Kiel, Germany)",Amphora coffaeiformis,Freshwater,Heterokontophyta ,-11.5,-18.7,-19.6,-2,-16.8
Larsen et al. (2013),Autochthonous,Autotrophic,Microalgae,Microalgae,Culture,"Lab culture (Helmholtz Centre for Ocean Research, Kiel, Germany)",Melosira varians,Freshwater,Stramenopiles,-16.5,-22.1,-20.6,-7,-19.7
Larsen et al. (2013),Autochthonous,Autotrophic_mixotrophic,Microalgae,Microalgae,Culture,"Lab culture (Culture Collection of Algae, Goettingen University)",Phaeodactylum tricornutum,Marine,Stramenopiles,-16.1,-25.5,-23.8,-10.8,-22.9
Larsen et al. (2013),Autochthonous,Autotrophic,Microalgae,Microalgae,Culture,"Lab culture (Helmholtz Centre for Ocean Research, Kiel, Germany)",Stauroneis constricta,Marine_Freshwater,Stramenopiles,-10.4,-19.3,-16,-4.6,-15.5
Larsen et al. (2013),Autochthonous,Autotrophic,Microalgae,Microalgae,Culture,"Lab culture (Helmholtz Centre for Ocean Research, Kiel, Germany)",Emiliana huxleyi,Marine,Haptista,-18.3,-27.2,-23.2,-9.1,-24.9
Larsen et al. (2013),Autochthonous,Autotrophic,Microalgae,Microalgae,Culture,"Lab culture (Helmholtz Centre for Ocean Research, Kiel, Germany)",Emiliana huxleyi,Marine,Haptista,-19.2,-23.8,-24.6,-8.6,-21.1
Larsen et al. (2013),Autochthonous,Autotrophic_mixotrophic,Microalgae,Microalgae,Culture,"Lab culture (Helmholtz Centre for Ocean Research, Kiel, Germany)",Isochrysis galbana,Marine,Haptista,-18.3,-31.4,-25,-8.9,-26.8
Larsen et al. (2013),Autochthonous,Autotrophic,Microalgae,Microalgae,Culture,"Lab culture (Culture Collection of Algae, Goettingen University)",Corcontochrysis noctivaga,Freshwater,Haptista,-13.8,-20.5,-21.6,-6.8,-18.8
Larsen et al. (2013),Autochthonous,Autotrophic,Microalgae,Microalgae,Culture,"Lab culture (Helmholtz Centre for Ocean Research, Kiel, Germany)",Dunaliella sp.,Marine_Freshwater,Chlorophyta,-15.8,-23.7,-19.7,-6.7,-19.2
Larsen et al. (2013),Autochthonous,Autotrophic,Microalgae,Microalgae,Culture,"Lab culture (Helmholtz Centre for Ocean Research, Kiel, Germany)",Prasinocladus marinus,Marine,Chlorophyta,-15.3,-23.3,-21.4,-2.2,-20.6
Larsen et al. (2013),Autochthonous,Autotrophic,Microalgae,Microalgae,Culture,"Lab culture (Helmholtz Centre for Ocean Research, Kiel, Germany)",Ankistrodesmus falcatus,Freshwater,Chlorophyta,-10.4,-15.7,-15.9,-8.1,-13
Larsen et al. (2013),Autochthonous,Autotrophic,Microalgae,Microalgae,Culture,"Lab culture (Culture Collection of Algae, Goettingen University)",Chlamydocapsa maxima,Freshwater,Chlorophyta,-11.4,-16.7,-15.7,-4.2,-15.3
Larsen et al. (2013),Autochthonous,Autotrophic,Microalgae,Microalgae,Culture,"Lab culture (Culture Collection of Algae, Goettingen University)",Clamydomonas asymmetrica,Freshwater and Marine,Chlorophyta,-16.3,-23.2,-22.2,-6.4,-20.4
Larsen et al. (2013),Autochthonous,Autotrophic,Microalgae,Microalgae,Culture,"Lab culture (Culture Collection of Algae, Goettingen University)",Chlamydomonas gigantea,Freshwater,Chlorophyta,-11.4,-18.4,-18.4,-7.1,-15.9
Larsen et al. (2013),Autochthonous,Autotrophic_mixotrophic,Microalgae,Microalgae,Culture,"Lab culture (Helmholtz Centre for Ocean Research, Kiel, Germany)",Ochromonas minima,Marine,Gyrista,-21,-29.7,-27,-11,-26.4
Larsen et al. (2013),Autochthonous,Autotrophic_mixotrophic,Microalgae,Microalgae,Culture,"Lab culture (Helmholtz Centre for Ocean Research, Kiel, Germany)",Ochromonas villosa,Marine_Freshwater,Stramenopiles,-20.6,-29.3,-26.8,-11.2,-27.2
Larsen et al. (2013),Autochthonous,Autotrophic_mixotrophic,Microalgae,Microalgae,Culture,"Lab culture (Culture Collection of Algae, Goettingen University)",Ochromonas danica,Freshwater,Stramenopiles,-19.8,-29.4,-26.9,-10.7,-27.1
Larsen et al. (2013),Autochthonous,Autotrophic_mixotrophic,Microalgae,Microalgae,Culture,"Lab culture (Culture Collection of Algae, Goettingen University)",Chromulina sp.,Freshwater,Stramenopiles,-26.7,-35.1,-31.9,-13.6,-30.2
Larsen et al. (2013),Autochthonous,Autotrophic_mixotrophic,Microalgae,Microalgae,Culture,"Lab culture (Culture Collection of Algae, Goettingen University)",Cryptomonas sp.,Marine_Freshwater,Cryptophyceae,-22.8,-32.7,-30,-10.7,-28
Arsenault et al. (2022),Autochthonous,Autotrophic,Microalgae,Microalgae,Culture,Commercial,Chlorella sp.,Freshwater,Chlorophyta,-36.4,-45,-40.7,-28.7,-36
Arsenault et al. (2022),Autochthonous,Autotrophic,Microalgae,Microalgae,Culture,Commercial,Chlorella sp.,Freshwater,Chlorophyta,-35.4,-43.7,-39.7,-28.7,-37.6
Arsenault et al. (2022),Autochthonous,Autotrophic,Microalgae,Microalgae,Culture,Commercial,Chlorella sp.,Freshwater,Chlorophyta,-35.3,-43.5,-39.8,-29.9,-37.3
Arsenault et al. (2022),Autochthonous,Autotrophic_diazotrophic,Cyanobacteria,Microalgae,Culture,Commercial,Spirulina sp.,Marine_Freshwater,Cyanobacteria,-23.3,-28.7,-24.8,-9.8,-23.9
Arsenault et al. (2022),Autochthonous,Autotrophic_diazotrophic,Cyanobacteria,Microalgae,Culture,Commercial,Spirulina sp.,Marine_Freshwater,Cyanobacteria,-23.8,-28.9,-24.7,-10.4,-25.2
Arsenault et al. (2022),Autochthonous,Autotrophic_diazotrophic,Cyanobacteria,Microalgae,Culture,Commercial,Spirulina sp.,Marine_Freshwater,Cyanobacteria,-24.9,-30.1,-24.9,-10.8,-27.2
Wall and Besser et al (this study),Autochthonous,Autotrophic,"Particulate Organic Matter (POM, phytoplankton)",POM,Wild,"Sierra Nevada Mountains, Mammoth Lakes, California, USA",Freshwater,autotrophic,POM,-25.9,-33.3,-32.6,-29.6,-30.5
Wall and Besser et al (this study),Autochthonous,Autotrophic,"Particulate Organic Matter (POM, phytoplankton)",POM,Wild,"Sierra Nevada Mountains, Mammoth Lakes, California, USA",Freshwater,autotrophic,POM,-30.9,-36.7,-34,-27.2,-31
Wall and Besser et al (this study),Autochthonous,Autotrophic,"Particulate Organic Matter (POM, phytoplankton)",POM,Wild,"Sierra Nevada Mountains, Mammoth Lakes, California, USA",Freshwater,autotrophic,POM,-28,-35,-35,-24.6,-29.8
Wall and Besser et al (this study),Autochthonous,Autotrophic,"Particulate Organic Matter (POM, phytoplankton)",POM,Wild,"Sierra Nevada Mountains, Mammoth Lakes, California, USA",Freshwater,autotrophic,POM,-20.3,-30.6,-29.3,-18.8,-23.7
Wall and Besser et al (this study),Autochthonous,Autotrophic,"Particulate Organic Matter (POM, phytoplankton)",POM,Wild,"Sierra Nevada Mountains, Mammoth Lakes, California, USA",Freshwater,autotrophic,POM,-28.2,-34.6,-33.8,-24.2,-31.2
Wall and Besser et al (this study),Autochthonous,Autotrophic,"Particulate Organic Matter (POM, phytoplankton)",POM,Wild,"Sierra Nevada Mountains, Mammoth Lakes, California, USA",Freshwater,autotrophic,POM,-27.8,-34.1,-32.8,-25,-30.7
Wall and Besser et al (this study),Autochthonous,Autotrophic,"Particulate Organic Matter (POM, phytoplankton)",POM,Wild,"Sierra Nevada Mountains, Mammoth Lakes, California, USA",Freshwater,autotrophic,POM,-19.8,-27.6,-26.2,-18.1,-25
Wall and Besser et al (this study),Autochthonous,Autotrophic,"Particulate Organic Matter (POM, phytoplankton)",POM,Wild,"Sierra Nevada Mountains, Mammoth Lakes, California, USA",Freshwater,autotrophic,POM,-28.6,-33.6,-32.5,-24.9,-31.1
Wall and Besser et al (this study),Autochthonous,Autotrophic,Epilithic algae,Benthic algae,Wild,"Sierra Nevada Mountains, Mammoth Lakes, California, USA",Freshwater,autotrophic,Benthc algae,-16.03,-20.87,-21.26,-13.16,-20.16
Wall and Besser et al (this study),Autochthonous,Autotrophic,Epilithic algae,Benthic algae,Wild,"Sierra Nevada Mountains, Mammoth Lakes, California, USA",Freshwater,autotrophic,Benthc algae,-17.68,-21.92,-21.97,-12.78,-21.86
Wall and Besser et al (this study),Autochthonous,Autotrophic,Filamentous green algae,Benthic algae,Wild,"Sierra Nevada Mountains, Mammoth Lakes, California, USA",Freshwater,autotrophic,Chlorophyta,-19.29,-23.26,-25.76,-14.12,-23.57
Wall and Besser et al (this study),Autochthonous,Autotrophic,Filamentous green algae,Benthic algae,Wild,"Sierra Nevada Mountains, Mammoth Lakes, California, USA",Freshwater,autotrophic,Chlorophyta,-17.02,-24.29,-23.06,-9.29,-21.94
Wall and Besser et al (this study),Autochthonous,Autotrophic,Filamentous green algae,Benthic algae,Wild,"Sierra Nevada Mountains, Mammoth Lakes, California, USA",Freshwater,autotrophic,Chlorophyta,-11.93,-14.74,-16.48,-6.87,-16.88
Wall and Besser et al (this study),Autochthonous,Autotrophic,Epipsammic algae ,Benthic algae,Wild,"Sierra Nevada Mountains, Mammoth Lakes, California, USA",Freshwater,autotrophic,Benthc algae,-23.17,-27.51,-28.41,-18.08,-32.14
Wall and Besser et al (this study),Autochthonous,Autotrophic,Epipsammic algae ,Benthic algae,Wild,"Sierra Nevada Mountains, Mammoth Lakes, California, USA",Freshwater,autotrophic,Benthc algae,-23.78,-27.88,-27.43,-18.19,-30.48
Wall and Besser et al (this study),Autochthonous,Autotrophic,Epipsammic algae ,Benthic algae,Wild,"Sierra Nevada Mountains, Mammoth Lakes, California, USA",Freshwater,autotrophic,Benthc algae,-25.29,-33.01,-31.09,-23.48,-33.89
Wall and Besser et al (this study),Autochthonous,Autotrophic,Epipsammic algae ,Benthic algae,Wild,"Sierra Nevada Mountains, Mammoth Lakes, California, USA",Freshwater,autotrophic,Benthc algae,-24.87,-33.72,-29.11,-20.17,-30.62
Wall and Besser et al (this study),Autochthonous,Autotrophic,C3 plants,Terrestrial plants,Wild,"Sierra Nevada Mountains, Mammoth Lakes, California, USA",Terrestrial Plants,autotrophic,Pinus contorta ssp. murrayana,-21.2,-37,-28.6,-12.8,-28
Wall and Besser et al (this study),Allochthonous,Autotrophic,C3 plants,Terrestrial plants,Wild,"Sierra Nevada Mountains, Mammoth Lakes, California, USA",Terrestrial Plants,autotrophic,Carex spp. ,-22.7,-35.2,-25.2,-17.3,-20
Wall and Besser et al (this study),Allochthonous,Autotrophic,C3 plants,Terrestrial plants,Wild,"Sierra Nevada Mountains, Mammoth Lakes, California, USA",Terrestrial Plants,autotrophic,Carex spp. ,-23.7,-35,-26.6,-16.2,-28.2
Wall and Besser et al (this study),Allochthonous,Autotrophic,C3 plants,Terrestrial plants,Wild,"Sierra Nevada Mountains, Mammoth Lakes, California, USA",Terrestrial Plants,autotrophic,Pinus contorta ssp. Murrayana,-25.2,-36.6,-26.1,-20,-28.1
Wall and Besser et al (this study),Allochthonous,Autotrophic,C3 plants,Terrestrial plants,Wild,"Sierra Nevada Mountains, Mammoth Lakes, California, USA",Terrestrial Plants,autotrophic,Salix ligulifolia,-23,-36,-26.4,-13.8,-30.8
Wall and Besser et al (this study),Allochthonous,Autotrophic,C3 plants,Terrestrial plants,Wild,"Sierra Nevada Mountains, Mammoth Lakes, California, USA",Terrestrial Plants,autotrophic,Carex spp. ,-22.8,-35,-28.7,-13.1,-22.5
Wall and Besser et al (this study),Allochthonous,Autotrophic,C3 plants,Terrestrial plants,Wild,"Sierra Nevada Mountains, Mammoth Lakes, California, USA",Terrestrial Plants,autotrophic,Carex spp. ,-25.8,-37,-28,-19.8,-25.1
Wall and Besser et al (this study),Allochthonous,Autotrophic,C3 plants,Terrestrial plants,Wild,"Sierra Nevada Mountains, Mammoth Lakes, California, USA",Terrestrial Plants,autotrophic,Salix spp. ,-21.7,-35.1,-26.2,-9.8,-25.8
Wall and Besser et al (this study),Allochthonous,Autotrophic,C3 plants,Terrestrial plants,Wild,"Sierra Nevada Mountains, Mammoth Lakes, California, USA",Terrestrial Plants,autotrophic,Pinus contorta ssp. Murrayana,-21.4,-32.4,-26.1,-15.3,-20.4
Wall and Besser et al (this study),Allochthonous,Autotrophic,C3 plants,Terrestrial plants,Wild,"Sierra Nevada Mountains, Mammoth Lakes, California, USA",Terrestrial Plants,autotrophic,Artemisia tridentata,-25.7,-38,-29.7,-20.3,-30